blockNumHex,blockNumber,blockTimestampUTC,txHash,category,from,to,asset,value,rawContractAddress,rawValue,rawDecimal
0x5495468,88691816,2026-06-18T00:31:59.000Z,0x4594120f7b93d7eadd56e53594f208a3fe3e7b83f715871e59742eac796e017e,external,0xb8f7761d8a267d03e24fde9db4c460faa08bad14,0xc8ab97a9089a9ff7e6ef0688e6e591a066946418,MATIC,0.0,,0x0,0x12
0x5495469,88691817,2026-06-18T00:32:01.000Z,0x2012243fe9262e285c1429a5e1dc06b48ab1049456b7bddf6d84b86542347b9e,external,0x7bc41f2e80aaf83f971ed557f0c277e4aa9054a7,0xc8ab97a9089a9ff7e6ef0688e6e591a066946418,MATIC,0.0,,0x0,0x12
0x5495469,88691817,2026-06-18T00:32:01.000Z,0x62dc39de1e7521889ec8afd9d6e22c4b5ac662499add4b33fecc9f846ea2f2f3,external,0x8a3de9882e5632d940f2df55f45a0594f1bcfd65,0xc8ab97a9089a9ff7e6ef0688e6e591a066946418,MATIC,0.0,,0x0,0x12
0x549546a,88691818,2026-06-18T00:32:02.000Z,0x34136fb4bb5aadae5c51002c17c984d3c8607d4ce01cd173194d7fa70c603900,external,0xb1261b6364a882ef68be780a73d41ee7bb54584b,0xc8ab97a9089a9ff7e6ef0688e6e591a066946418,MATIC,0.0,,0x0,0x12
0x549546b,88691819,2026-06-18T00:32:04.000Z,0xceb991043bbb826a4ba972c910961fcc5641a142509a0175663fcd70b147ad1f,external,0x8a3de9882e5632d940f2df55f45a0594f1bcfd65,0xc8ab97a9089a9ff7e6ef0688e6e591a066946418,MATIC,0.0,,0x0,0x12
0x549546c,88691820,2026-06-18T00:32:05.000Z,0x8d0c7cee8e364df63de9a6585535316a655983cbdbed6ef38721c0e13a4b40b3,external,0x714d785af4290fae6cf8c6bf2be6b4af946f4d5f,0xc8ab97a9089a9ff7e6ef0688e6e591a066946418,MATIC,0.0,,0x0,0x12
0x5495484,88691844,2026-06-18T00:32:41.000Z,0x460df1fd4d5584bba025538db9fd0eadf35016b2bab440b7605e2871d38997b8,erc20,0x0000000000000000000000000000000000000000,0xc8ab97a9089a9ff7e6ef0688e6e591a066946418,pUSD,7.1027,0xc011a7e12a19f7b1f670d46f03b03f3342e82dfb,0x6c60ec,0x6
0x5495484,88691844,2026-06-18T00:32:41.000Z,0x460df1fd4d5584bba025538db9fd0eadf35016b2bab440b7605e2871d38997b8,external,0xd56ff23b049331cc25e9857ce053d95d5ecf1fab,0xc8ab97a9089a9ff7e6ef0688e6e591a066946418,MATIC,0.0,,0x0,0x12
0x549548a,88691850,2026-06-18T00:32:50.000Z,0x7198d0b82d12f3e722969dd772a860730d1a94122821576ea072ba172e8f043b,erc20,0x0000000000000000000000000000000000000000,0xc8ab97a9089a9ff7e6ef0688e6e591a066946418,pUSD,26.5684,0xc011a7e12a19f7b1f670d46f03b03f3342e82dfb,0x19566d0,0x6
0x549548a,88691850,2026-06-18T00:32:50.000Z,0x7198d0b82d12f3e722969dd772a860730d1a94122821576ea072ba172e8f043b,external,0x74fe94a114e7179de9332600b9e511c5bf4a07b5,0xc8ab97a9089a9ff7e6ef0688e6e591a066946418,MATIC,0.0,,0x0,0x12
0x5495493,88691859,2026-06-18T00:33:04.000Z,0xfaca3c6b2a41db0773cef9800f32d83d0f7c875317eaf51f6c3166517b67d1c1,erc1155,0xe2222d279d744050d28e00520010520000310f59,0xc8ab97a9089a9ff7e6ef0688e6e591a066946418,,,0x4d97dcd97ec945f40cf65f87097ace5ea0476045,,
0x5495496,88691862,2026-06-18T00:33:08.000Z,0x293dac14383ff4dbfdbc1f7e5a0d8ae64cf75b811bd43a015e86f9175f069784,erc20,0x0000000000000000000000000000000000000000,0xc8ab97a9089a9ff7e6ef0688e6e591a066946418,pUSD,14.5,0xc011a7e12a19f7b1f670d46f03b03f3342e82dfb,0xdd40a0,0x6
0x5495496,88691862,2026-06-18T00:33:08.000Z,0x55ea3badc65c757592b02983c0e972ea7d72935b41ad543aeb2a9b886c502f9f,erc20,0xe111180000d2663c0091e4f400237545b87b996b,0xc8ab97a9089a9ff7e6ef0688e6e591a066946418,pUSD,95.0,0xc011a7e12a19f7b1f670d46f03b03f3342e82dfb,0x5a995c0,0x6
0x5495496,88691862,2026-06-18T00:33:08.000Z,0x293dac14383ff4dbfdbc1f7e5a0d8ae64cf75b811bd43a015e86f9175f069784,external,0x68d46014e4d278a7c390b3246031990065d019a0,0xc8ab97a9089a9ff7e6ef0688e6e591a066946418,MATIC,0.0,,0x0,0x12
0x549549e,88691870,2026-06-18T00:33:20.000Z,0x2e5f9be36ea78567adae94a97cc2d6360def7474ca99837fee10344433e97e1a,erc20,0xe111180000d2663c0091e4f400237545b87b996b,0xc8ab97a9089a9ff7e6ef0688e6e591a066946418,pUSD,3110.44644,0xc011a7e12a19f7b1f670d46f03b03f3342e82dfb,0xb965a568,0x6
0x54954b0,88691888,2026-06-18T00:33:47.000Z,0x142dff9d50f06e03db13f9bd81eb9cffd6862df3133938870050cad7293a221a,external,0xfd02779fc5606a97c3c4356d7890bbf4d697b5dd,0xc8ab97a9089a9ff7e6ef0688e6e591a066946418,MATIC,0.0,,0x0,0x12
0x54954d8,88691928,2026-06-18T00:34:47.000Z,0xb01e89074ae233fdf6168ac2d8db8074c828175e6be2eb39b238ca89d1ac1424,erc20,0xe111180000d2663c0091e4f400237545b87b996b,0xc8ab97a9089a9ff7e6ef0688e6e591a066946418,pUSD,0.0078,0xc011a7e12a19f7b1f670d46f03b03f3342e82dfb,0x1e78,0x6
0x54954dd,88691933,2026-06-18T00:34:55.000Z,0xbf43cfc60eace1bacb19b6f3034f4628a22441a340b1b350a374dcfe5e4515b0,erc20,0x7e5972bfc25819775ee5a9d4f191919375487b8b,0xc8ab97a9089a9ff7e6ef0688e6e591a066946418,pUSD,462.102,0xc011a7e12a19f7b1f670d46f03b03f3342e82dfb,0x1b8b1df0,0x6
0x54954e3,88691939,2026-06-18T00:35:04.000Z,0x2390d5ada56f84b3d24744818af923c767ae5afa0602b08c74874e7d728534e3,erc20,0xe111180000d2663c0091e4f400237545b87b996b,0xc8ab97a9089a9ff7e6ef0688e6e591a066946418,pUSD,0.0076,0xc011a7e12a19f7b1f670d46f03b03f3342e82dfb,0x1db0,0x6
0x54954e3,88691939,2026-06-18T00:35:04.000Z,0x66ac85957655654b9cfabdfd117e22bd7d54412b547933507158c13a586bf548,erc20,0xe111180000d2663c0091e4f400237545b87b996b,0xc8ab97a9089a9ff7e6ef0688e6e591a066946418,pUSD,0.0228,0xc011a7e12a19f7b1f670d46f03b03f3342e82dfb,0x5910,0x6
0x5495506,88691974,2026-06-18T00:35:56.000Z,0x3e900abffe54e1944650c6bbd95afaf870d282f0624a0b8fa99f529b8426d4d1,external,0x9b789dfbb2c065545d83717ef4cc64ab785ad44d,0xc8ab97a9089a9ff7e6ef0688e6e591a066946418,MATIC,0.0,,0x0,0x12
0x5495517,88691991,2026-06-18T00:36:22.000Z,0x4c315e0cd4d9c1e42a90801fa9bf4248a69314cb93aec880d96e5f3110d80eb0,erc20,0x4d97dcd97ec945f40cf65f87097ace5ea0476045,0xc8ab97a9089a9ff7e6ef0688e6e591a066946418,USDCE,404422.594999,0x2791bca1f2de4661ed88a30c99a7a9449aa84174,0x5e297711b7,0x6
0x5495517,88691991,2026-06-18T00:36:22.000Z,0x4c315e0cd4d9c1e42a90801fa9bf4248a69314cb93aec880d96e5f3110d80eb0,erc20,0x0000000000000000000000000000000000000000,0xc8ab97a9089a9ff7e6ef0688e6e591a066946418,pUSD,404422.594999,0xc011a7e12a19f7b1f670d46f03b03f3342e82dfb,0x5e297711b7,0x6
0x5495517,88691991,2026-06-18T00:36:22.000Z,0x4c315e0cd4d9c1e42a90801fa9bf4248a69314cb93aec880d96e5f3110d80eb0,external,0x6987f531981c95fc998ab20c0935154e9f509a87,0xc8ab97a9089a9ff7e6ef0688e6e591a066946418,MATIC,0.0,,0x0,0x12
0x549551f,88691999,2026-06-18T00:36:34.000Z,0x8aa272b82fa947d18e95166c858da526a9ed400aef561c01d000eeb8f5f9e58f,erc20,0x968e5553989032d8496d7fe9eb2d2412e5783303,0xc8ab97a9089a9ff7e6ef0688e6e591a066946418,pUSD,19.999998,0xc011a7e12a19f7b1f670d46f03b03f3342e82dfb,0x1312cfe,0x6
0x549552a,88692010,2026-06-18T00:36:50.000Z,0x7977bdfa1a0b10570c030ceda123079c75bad19e5c7cc9d831d799aaa7307568,erc20,0xe111180000d2663c0091e4f400237545b87b996b,0xc8ab97a9089a9ff7e6ef0688e6e591a066946418,pUSD,4142.33352,0xc011a7e12a19f7b1f670d46f03b03f3342e82dfb,0xf6e6fe50,0x6
0x549552e,88692014,2026-06-18T00:36:56.000Z,0x61c98a4fd61951c9a1243950e3330dca84d42bf96bfb9eb8e93f2c7ea2234143,erc20,0xe111180000d2663c0091e4f400237545b87b996b,0xc8ab97a9089a9ff7e6ef0688e6e591a066946418,pUSD,3.7128,0xc011a7e12a19f7b1f670d46f03b03f3342e82dfb,0x38a720,0x6
0x549554b,88692043,2026-06-18T00:37:40.000Z,0x4edcecea43e58319eb0bcf61546ed025b6aefd43de31459419fdc7114f6782c5,erc20,0x4d97dcd97ec945f40cf65f87097ace5ea0476045,0xc8ab97a9089a9ff7e6ef0688e6e591a066946418,USDCE,200328.309676,0x2791bca1f2de4661ed88a30c99a7a9449aa84174,0x2ea47f6bac,0x6
0x549554b,88692043,2026-06-18T00:37:40.000Z,0x4edcecea43e58319eb0bcf61546ed025b6aefd43de31459419fdc7114f6782c5,erc20,0x0000000000000000000000000000000000000000,0xc8ab97a9089a9ff7e6ef0688e6e591a066946418,pUSD,200328.309676,0xc011a7e12a19f7b1f670d46f03b03f3342e82dfb,0x2ea47f6bac,0x6
0x549554b,88692043,2026-06-18T00:37:40.000Z,0x4edcecea43e58319eb0bcf61546ed025b6aefd43de31459419fdc7114f6782c5,external,0x4c917200bda6cb9b2608cc07029f846a66d06395,0xc8ab97a9089a9ff7e6ef0688e6e591a066946418,MATIC,0.0,,0x0,0x12
0x549555c,88692060,2026-06-18T00:38:05.000Z,0xda73b26a86be5fdc18b8d150ff529e86e7ff3004d7e22003fe6a916863678519,erc20,0x945b0bced8336ae3e7253021f3ad0f1a580a178b,0xc8ab97a9089a9ff7e6ef0688e6e591a066946418,pUSD,0.999999,0xc011a7e12a19f7b1f670d46f03b03f3342e82dfb,0xf423f,0x6
0x5495568,88692072,2026-06-18T00:38:23.000Z,0x2ed57dfb069cc66ba4c2e978d4301e00c1bd7f3eb528857ef2971aca3596cb2f,erc1155,0xe111180000d2663c0091e4f400237545b87b996b,0xc8ab97a9089a9ff7e6ef0688e6e591a066946418,,,0x4d97dcd97ec945f40cf65f87097ace5ea0476045,,
0x5495568,88692072,2026-06-18T00:38:23.000Z,0x2ed57dfb069cc66ba4c2e978d4301e00c1bd7f3eb528857ef2971aca3596cb2f,erc1155,0xe111180000d2663c0091e4f400237545b87b996b,0xc8ab97a9089a9ff7e6ef0688e6e591a066946418,,,0x4d97dcd97ec945f40cf65f87097ace5ea0476045,,
0x549556a,88692074,2026-06-18T00:38:26.000Z,0x8b71ec3ae52cc0c03628bc55a1d39830ed67d96a6f3c715a7506e833d4a7f016,erc20,0x86a69f9a725eefaf61dcd2b2d8e24bd95dbbb750,0xc8ab97a9089a9ff7e6ef0688e6e591a066946418,pUSD,494.03124,0xc011a7e12a19f7b1f670d46f03b03f3342e82dfb,0x1d725188,0x6
0x549557f,88692095,2026-06-18T00:38:58.000Z,0x9ec69df22e88189d4e40278b9b8585001383b9db0b154ee298195b63c6c295bf,erc1155,0xe2222d279d744050d28e00520010520000310f59,0xc8ab97a9089a9ff7e6ef0688e6e591a066946418,,,0x4d97dcd97ec945f40cf65f87097ace5ea0476045,,
0x54955b2,88692146,2026-06-18T00:40:14.000Z,0xe86e13b32e273fdaf4f1ef66cf5643feab36dc409d6c2add11a27b7a9e5f0509,erc1155,0xe2222d279d744050d28e00520010520000310f59,0xc8ab97a9089a9ff7e6ef0688e6e591a066946418,,,0x4d97dcd97ec945f40cf65f87097ace5ea0476045,,
0x54955d4,88692180,2026-06-18T00:41:05.000Z,0x6eecf194c341e83cf85b03ed96ff2ae1cdb9287ae60b06cae353867e18664277,erc20,0x73a87238999394c9bdfcbdbb8cd245d512b57cc1,0xc8ab97a9089a9ff7e6ef0688e6e591a066946418,pUSD,3.999999,0xc011a7e12a19f7b1f670d46f03b03f3342e82dfb,0x3d08ff,0x6
0x54955e3,88692195,2026-06-18T00:41:28.000Z,0x00469565f2dcdce0a24d76aa6a4e077ebdcc44bce9ebb4db23e7c79ecadcb1a5,erc20,0x96b59f71f635da5da031e3e93448c54fe226f5e7,0xc8ab97a9089a9ff7e6ef0688e6e591a066946418,pUSD,100000.0,0xc011a7e12a19f7b1f670d46f03b03f3342e82dfb,0x174876e800,0x6
0x54955ed,88692205,2026-06-18T00:41:43.000Z,0x84c208b460a763055c00f48712b1c641d7ee99e4ad5bbdab651b4c363277f438,erc1155,0xe2222d279d744050d28e00520010520000310f59,0xc8ab97a9089a9ff7e6ef0688e6e591a066946418,,,0x4d97dcd97ec945f40cf65f87097ace5ea0476045,,
0x54955fc,88692220,2026-06-18T00:42:05.000Z,0x0e58c5d64fb238d5ac83de3de245329ccc395c17e4f266f28d08ab319d9d5e5a,erc1155,0xe111180000d2663c0091e4f400237545b87b996b,0xc8ab97a9089a9ff7e6ef0688e6e591a066946418,,,0x4d97dcd97ec945f40cf65f87097ace5ea0476045,,
0x54955fd,88692221,2026-06-18T00:42:07.000Z,0x26accd46beaf1aee340d1c478f28df0abbe36741117bc936409fd7035b846f64,erc20,0xe111180000d2663c0091e4f400237545b87b996b,0xc8ab97a9089a9ff7e6ef0688e6e591a066946418,pUSD,24.3314,0xc011a7e12a19f7b1f670d46f03b03f3342e82dfb,0x1734488,0x6
0x54955fd,88692221,2026-06-18T00:42:07.000Z,0xf8d7656374ac2f4360b1e8cd90f40bde7c802d07fcdeb72dbd9dd26e91dfa56d,erc20,0xe111180000d2663c0091e4f400237545b87b996b,0xc8ab97a9089a9ff7e6ef0688e6e591a066946418,pUSD,73.8504,0xc011a7e12a19f7b1f670d46f03b03f3342e82dfb,0x466de20,0x6
0x54955fd,88692221,2026-06-18T00:42:07.000Z,0x5c1e224265ff9b9093366a48427a07443859423af3f1af1d0c8b7b6078b6df80,erc20,0xe111180000d2663c0091e4f400237545b87b996b,0xc8ab97a9089a9ff7e6ef0688e6e591a066946418,pUSD,3.3072,0xc011a7e12a19f7b1f670d46f03b03f3342e82dfb,0x3276c0,0x6
0x54955fd,88692221,2026-06-18T00:42:07.000Z,0xf164522fa5dafcf7d456f298770503ac2efaf8e9b399f7eb0f6b95e8597f8550,erc20,0xe111180000d2663c0091e4f400237545b87b996b,0xc8ab97a9089a9ff7e6ef0688e6e591a066946418,pUSD,2.0592,0xc011a7e12a19f7b1f670d46f03b03f3342e82dfb,0x1f6bc0,0x6
0x54955fd,88692221,2026-06-18T00:42:07.000Z,0x9f903d3dc14080e4f5c02ed01cd08f2cd9481cffd50065cbef8da4c59cab4488,erc20,0xe111180000d2663c0091e4f400237545b87b996b,0xc8ab97a9089a9ff7e6ef0688e6e591a066946418,pUSD,36.933,0xc011a7e12a19f7b1f670d46f03b03f3342e82dfb,0x2338d88,0x6
0x5495601,88692225,2026-06-18T00:42:13.000Z,0x86e50009c34e8a96b87f3ff1353067dfe6c32b40ee9d79ebc8be4f9ce3c7598f,erc20,0xe111180000d2663c0091e4f400237545b87b996b,0xc8ab97a9089a9ff7e6ef0688e6e591a066946418,pUSD,1.482,0xc011a7e12a19f7b1f670d46f03b03f3342e82dfb,0x169d10,0x6
0x5495606,88692230,2026-06-18T00:42:20.000Z,0x0d665b629cf4462a54b1488a5258fd0cd8297464a02b0900d7d3925d0d1381e7,erc20,0xe111180000d2663c0091e4f400237545b87b996b,0xc8ab97a9089a9ff7e6ef0688e6e591a066946418,pUSD,5.1324,0xc011a7e12a19f7b1f670d46f03b03f3342e82dfb,0x4e5070,0x6
0x5495606,88692230,2026-06-18T00:42:20.000Z,0x1412d8a4ede917e97302d11e33d674292daf30e4fceded79b9e5de23acb6bdab,erc1155,0xe111180000d2663c0091e4f400237545b87b996b,0xc8ab97a9089a9ff7e6ef0688e6e591a066946418,,,0x4d97dcd97ec945f40cf65f87097ace5ea0476045,,
0x5495606,88692230,2026-06-18T00:42:20.000Z,0x1412d8a4ede917e97302d11e33d674292daf30e4fceded79b9e5de23acb6bdab,erc1155,0xe111180000d2663c0091e4f400237545b87b996b,0xc8ab97a9089a9ff7e6ef0688e6e591a066946418,,,0x4d97dcd97ec945f40cf65f87097ace5ea0476045,,
0x5495608,88692232,2026-06-18T00:42:23.000Z,0x3ca10b289426080553684d146302952052cac44135df9429a095c796b4586542,erc20,0xe111180000d2663c0091e4f400237545b87b996b,0xc8ab97a9089a9ff7e6ef0688e6e591a066946418,pUSD,3.7128,0xc011a7e12a19f7b1f670d46f03b03f3342e82dfb,0x38a720,0x6
0x549560e,88692238,2026-06-18T00:42:32.000Z,0xd1dadc5237a1dce4bfc4fa5ced7e749bd0d9d46f62f3900286ca5fcff3c2fab5,erc20,0xe111180000d2663c0091e4f400237545b87b996b,0xc8ab97a9089a9ff7e6ef0688e6e591a066946418,pUSD,118.989,0xc011a7e12a19f7b1f670d46f03b03f3342e82dfb,0x717a0c8,0x6
0x5495616,88692246,2026-06-18T00:42:44.000Z,0x4fe63fc46dbab56a47fa8ee14fc65e569a4ac0bfae480a95ce8a4ce9fe037477,erc1155,0xe111180000d2663c0091e4f400237545b87b996b,0xc8ab97a9089a9ff7e6ef0688e6e591a066946418,,,0x4d97dcd97ec945f40cf65f87097ace5ea0476045,,
0x549564e,88692302,2026-06-18T00:44:08.000Z,0xd1da063d1c0591842057275de52b2e81c30a7fdd70521a267a1e8d441fc70011,erc1155,0xe111180000d2663c0091e4f400237545b87b996b,0xc8ab97a9089a9ff7e6ef0688e6e591a066946418,,,0x4d97dcd97ec945f40cf65f87097ace5ea0476045,,
0x5495690,88692368,2026-06-18T00:45:47.000Z,0x44105633bd0e6bca84558c221946d5bb39a104cbb473d6e5dc0542f817462018,erc1155,0xe2222d279d744050d28e00520010520000310f59,0xc8ab97a9089a9ff7e6ef0688e6e591a066946418,,,0x4d97dcd97ec945f40cf65f87097ace5ea0476045,,
0x54956b5,88692405,2026-06-18T00:46:43.000Z,0xd472d17c663491db54d6edbbaf41bb529e66945e8f8ecac38e0ef4c0c6ad7385,erc1155,0xe2222d279d744050d28e00520010520000310f59,0xc8ab97a9089a9ff7e6ef0688e6e591a066946418,,,0x4d97dcd97ec945f40cf65f87097ace5ea0476045,,
0x54956f6,88692470,2026-06-18T00:48:20.000Z,0x9879a2668ba0cfed60f949ca04e9f92f718955f7d4d12e3fad66488d8b220c49,erc1155,0xe111180000d2663c0091e4f400237545b87b996b,0xc8ab97a9089a9ff7e6ef0688e6e591a066946418,,,0x4d97dcd97ec945f40cf65f87097ace5ea0476045,,
0x5495704,88692484,2026-06-18T00:48:41.000Z,0x1b96592d684f175651fc22454f59283f7a99cbf5757b637a72d3cd846915a586,erc1155,0xc7b84afab9e144a258b98a1cb45e05df7aab0d21,0xc8ab97a9089a9ff7e6ef0688e6e591a066946418,,,0x4d97dcd97ec945f40cf65f87097ace5ea0476045,,
0x549570a,88692490,2026-06-18T00:48:50.000Z,0x7a288af430000539dc4c6c8a92d9514ea21d88757bd260230bc673882a4a4319,erc1155,0x93625ed2f5dd7308df4c05c331c9bb31893ed4a4,0xc8ab97a9089a9ff7e6ef0688e6e591a066946418,,,0x4d97dcd97ec945f40cf65f87097ace5ea0476045,,
0x5495717,88692503,2026-06-18T00:49:10.000Z,0xb7384ae746320dfd666891310b346663a4826cf73e322eacdc17c76553410cfe,erc20,0x4b46f47a14a4d88d3641ee87765afddd9e114451,0xc8ab97a9089a9ff7e6ef0688e6e591a066946418,pUSD,1.979998,0xc011a7e12a19f7b1f670d46f03b03f3342e82dfb,0x1e365e,0x6
0x549571a,88692506,2026-06-18T00:49:14.000Z,0xef24d78cecec1ebe4ff96d466b123b9543e66012ef3cc50ab74ee0714d4b3a9d,erc20,0xcb174f67b1b2e70398f380a77c8296644bb22955,0xc8ab97a9089a9ff7e6ef0688e6e591a066946418,pUSD,1.009998,0xc011a7e12a19f7b1f670d46f03b03f3342e82dfb,0xf694e,0x6
0x5495727,88692519,2026-06-18T00:49:34.000Z,0x91fce4fa062149ad5340675fba5e01bdd99d04650d484677caf706875059e5c8,erc20,0x4b46f47a14a4d88d3641ee87765afddd9e114451,0xc8ab97a9089a9ff7e6ef0688e6e591a066946418,pUSD,2.539999,0xc011a7e12a19f7b1f670d46f03b03f3342e82dfb,0x26c1df,0x6
0x5495728,88692520,2026-06-18T00:49:35.000Z,0xd90e8c3206d7773a1a8352ef1aa17ee528cc0e0287a487fff7c7e06d632e217f,erc20,0xcb174f67b1b2e70398f380a77c8296644bb22955,0xc8ab97a9089a9ff7e6ef0688e6e591a066946418,pUSD,1.009998,0xc011a7e12a19f7b1f670d46f03b03f3342e82dfb,0xf694e,0x6
0x549572a,88692522,2026-06-18T00:49:38.000Z,0xeedd083dc384a680802407eb3fdd52bb494f0b18c32780ac9bda2abfbe93323c,erc1155,0xe111180000d2663c0091e4f400237545b87b996b,0xc8ab97a9089a9ff7e6ef0688e6e591a066946418,,,0x4d97dcd97ec945f40cf65f87097ace5ea0476045,,
0x549572a,88692522,2026-06-18T00:49:38.000Z,0x872c4370dd831577917f4a67b1e554cd706b81818472d3c9375a84ded54b3f4c,erc20,0x714711227fb7fad4dc004b400c317fea0dbd0198,0xc8ab97a9089a9ff7e6ef0688e6e591a066946418,pUSD,1.9968,0xc011a7e12a19f7b1f670d46f03b03f3342e82dfb,0x1e7800,0x6
0x5495738,88692536,2026-06-18T00:49:59.000Z,0x65e822d26cfbdd115b186abebfd5ee28a885a3a35518aad17d0cfcc9eec204bc,erc20,0x83fa2e5e6c659f2e58387b973c047d76fc99eabc,0xc8ab97a9089a9ff7e6ef0688e6e591a066946418,pUSD,51.18106,0xc011a7e12a19f7b1f670d46f03b03f3342e82dfb,0x30cf604,0x6
0x549573f,88692543,2026-06-18T00:50:10.000Z,0xf01d40540b164168dab01901f495a450bbb0a1cbc943c8a7fdd1ea584ec6cb8a,erc1155,0x8f7b4550a868467b2db230445fee9242077e2a5f,0xc8ab97a9089a9ff7e6ef0688e6e591a066946418,,,0x4d97dcd97ec945f40cf65f87097ace5ea0476045,,
0x5495740,88692544,2026-06-18T00:50:11.000Z,0x36bb4bef799d0eb77be5155a0425703dc194cbcacfc7fcdc0bd814ee22141f9f,erc1155,0xe2222d279d744050d28e00520010520000310f59,0xc8ab97a9089a9ff7e6ef0688e6e591a066946418,,,0x4d97dcd97ec945f40cf65f87097ace5ea0476045,,
0x5495770,88692592,2026-06-18T00:51:23.000Z,0x32dfe929f6706ad8137623806f5239059b68fcbe99bc0c4616a10d8bf23340f7,erc20,0x4b46f47a14a4d88d3641ee87765afddd9e114451,0xc8ab97a9089a9ff7e6ef0688e6e591a066946418,pUSD,3.049998,0xc011a7e12a19f7b1f670d46f03b03f3342e82dfb,0x2e8a0e,0x6
0x5495794,88692628,2026-06-18T00:52:17.000Z,0x74d06d92b4aee3bef12f393139e613edc2680de5eb9c36d9ee7e40b7649b3ce5,erc1155,0x110ac598a46cf9d4dcfa61b2a44c3368b2923ee6,0xc8ab97a9089a9ff7e6ef0688e6e591a066946418,,,0x4d97dcd97ec945f40cf65f87097ace5ea0476045,,
0x54957fd,88692733,2026-06-18T00:54:55.000Z,0x77e1512193330e59312a18869670b03af617e3ca73e1ca644fd884f65ae11dd6,erc1155,0xe2222d279d744050d28e00520010520000310f59,0xc8ab97a9089a9ff7e6ef0688e6e591a066946418,,,0x4d97dcd97ec945f40cf65f87097ace5ea0476045,,
0x549582f,88692783,2026-06-18T00:56:10.000Z,0x9fbd4bf9272dd241f7f24737b3d51767e088d66294fa2e6e274f6d7a6414fcca,erc20,0xe111180000d2663c0091e4f400237545b87b996b,0xc8ab97a9089a9ff7e6ef0688e6e591a066946418,pUSD,4169.25355,0xc011a7e12a19f7b1f670d46f03b03f3342e82dfb,0xf881c2ae,0x6
0x549582f,88692783,2026-06-18T00:56:10.000Z,0x9fbd4bf9272dd241f7f24737b3d51767e088d66294fa2e6e274f6d7a6414fcca,erc20,0xe111180000d2663c0091e4f400237545b87b996b,0xc8ab97a9089a9ff7e6ef0688e6e591a066946418,pUSD,1820.0,0xc011a7e12a19f7b1f670d46f03b03f3342e82dfb,0x6c7aff00,0x6
0x5495852,88692818,2026-06-18T00:57:02.000Z,0x9226c8d1029319c91c98d7f2ed21c7980913dd776e9f64542c988d99c0f668c0,erc1155,0xe2222d279d744050d28e00520010520000310f59,0xc8ab97a9089a9ff7e6ef0688e6e591a066946418,,,0x4d97dcd97ec945f40cf65f87097ace5ea0476045,,
0x549587b,88692859,2026-06-18T00:58:04.000Z,0x1b17513488484afd679a3619cbc973bcd9f2f02a64656955e0e98403f43416d6,erc20,0xe111180000d2663c0091e4f400237545b87b996b,0xc8ab97a9089a9ff7e6ef0688e6e591a066946418,pUSD,0.0228,0xc011a7e12a19f7b1f670d46f03b03f3342e82dfb,0x5910,0x6
0x549587b,88692859,2026-06-18T00:58:04.000Z,0x14890d8a2ce0f83b3af5ff07d3e0096c661f52a5afb876798e843e420e74d4db,erc1155,0xe111180000d2663c0091e4f400237545b87b996b,0xc8ab97a9089a9ff7e6ef0688e6e591a066946418,,,0x4d97dcd97ec945f40cf65f87097ace5ea0476045,,
0x549587b,88692859,2026-06-18T00:58:04.000Z,0x2e0275d840c58a72b496cce569e979966fb0ae5e1d43cbdf1a9e520fc043c78f,erc1155,0xe111180000d2663c0091e4f400237545b87b996b,0xc8ab97a9089a9ff7e6ef0688e6e591a066946418,,,0x4d97dcd97ec945f40cf65f87097ace5ea0476045,,
0x549587b,88692859,2026-06-18T00:58:04.000Z,0x4eae11a4279b05d15238e99337e840b54d674c95e0f2e27341f9fe0bc81bd78f,erc1155,0xe111180000d2663c0091e4f400237545b87b996b,0xc8ab97a9089a9ff7e6ef0688e6e591a066946418,,,0x4d97dcd97ec945f40cf65f87097ace5ea0476045,,
0x549587b,88692859,2026-06-18T00:58:04.000Z,0x25354c216b25501e656ae894acb1b2b5f75ff98b81f4b583070ad20d47e5b99c,erc20,0xe111180000d2663c0091e4f400237545b87b996b,0xc8ab97a9089a9ff7e6ef0688e6e591a066946418,pUSD,0.0076,0xc011a7e12a19f7b1f670d46f03b03f3342e82dfb,0x1db0,0x6
0x549587b,88692859,2026-06-18T00:58:04.000Z,0xe06121cdc1b82eeab16904001371a8d80326de6b4a83a71d3d49e5c83322b324,erc1155,0xe111180000d2663c0091e4f400237545b87b996b,0xc8ab97a9089a9ff7e6ef0688e6e591a066946418,,,0x4d97dcd97ec945f40cf65f87097ace5ea0476045,,
0x549587b,88692859,2026-06-18T00:58:04.000Z,0xdc4ace9a118cbadf0d3da4c5e1ddcac1befebabec94ae8a64c296e8af8c48d91,erc1155,0xe111180000d2663c0091e4f400237545b87b996b,0xc8ab97a9089a9ff7e6ef0688e6e591a066946418,,,0x4d97dcd97ec945f40cf65f87097ace5ea0476045,,
0x549587c,88692860,2026-06-18T00:58:05.000Z,0x9ff590bb9f4ae13a7f8ba9df188115da35d61fa30746607c4f182bed6d8af999,erc1155,0xe111180000d2663c0091e4f400237545b87b996b,0xc8ab97a9089a9ff7e6ef0688e6e591a066946418,,,0x4d97dcd97ec945f40cf65f87097ace5ea0476045,,
0x549587c,88692860,2026-06-18T00:58:05.000Z,0x4cc063e6c93dc3f9ee97af6bbc01431cd0fe9a39b763fe0749c875dea8457691,erc1155,0xe111180000d2663c0091e4f400237545b87b996b,0xc8ab97a9089a9ff7e6ef0688e6e591a066946418,,,0x4d97dcd97ec945f40cf65f87097ace5ea0476045,,
0x549587d,88692861,2026-06-18T00:58:07.000Z,0x71b17ac0c8c693c17a6fa0e6dcd31c5867463fa56be6693fd47b43243f14ee7d,erc1155,0xe111180000d2663c0091e4f400237545b87b996b,0xc8ab97a9089a9ff7e6ef0688e6e591a066946418,,,0x4d97dcd97ec945f40cf65f87097ace5ea0476045,,
0x549587d,88692861,2026-06-18T00:58:07.000Z,0xdf4eda9c2f40547bd7f02de47dce5ce0e18bc49c612036ca7873abf927397c36,erc1155,0xe111180000d2663c0091e4f400237545b87b996b,0xc8ab97a9089a9ff7e6ef0688e6e591a066946418,,,0x4d97dcd97ec945f40cf65f87097ace5ea0476045,,
0x549587d,88692861,2026-06-18T00:58:07.000Z,0x92632264c042cb6b368fdb5535d96eedcf0426962b4272f4b0f550a49f878c97,erc1155,0xe111180000d2663c0091e4f400237545b87b996b,0xc8ab97a9089a9ff7e6ef0688e6e591a066946418,,,0x4d97dcd97ec945f40cf65f87097ace5ea0476045,,
0x549587d,88692861,2026-06-18T00:58:07.000Z,0x16069785d0dc7658ab3c616cae8ce03c47bd4aa7729dd661c213caf8cd84331f,erc1155,0xe111180000d2663c0091e4f400237545b87b996b,0xc8ab97a9089a9ff7e6ef0688e6e591a066946418,,,0x4d97dcd97ec945f40cf65f87097ace5ea0476045,,
0x549587d,88692861,2026-06-18T00:58:07.000Z,0xfeb849c3364f28d4406ad2b657bf01ec3425f7739b4fdf1dc017d371ef2cfa17,erc1155,0xe111180000d2663c0091e4f400237545b87b996b,0xc8ab97a9089a9ff7e6ef0688e6e591a066946418,,,0x4d97dcd97ec945f40cf65f87097ace5ea0476045,,
0x549587d,88692861,2026-06-18T00:58:07.000Z,0xba42e1a126880086619adbf5dfc3d27179ddf0edeb230bcb1d46f5f20bc02d8f,erc1155,0xe111180000d2663c0091e4f400237545b87b996b,0xc8ab97a9089a9ff7e6ef0688e6e591a066946418,,,0x4d97dcd97ec945f40cf65f87097ace5ea0476045,,
0x549587d,88692861,2026-06-18T00:58:07.000Z,0x4a65fa6f3a26d3e6eb4030b155216f67dfc73fac7100daf08bb058869640f638,erc1155,0xe111180000d2663c0091e4f400237545b87b996b,0xc8ab97a9089a9ff7e6ef0688e6e591a066946418,,,0x4d97dcd97ec945f40cf65f87097ace5ea0476045,,
0x549587d,88692861,2026-06-18T00:58:07.000Z,0xc06ca775e3151c3e67e0a89062852283c10666b513c4129ca19388b42bb41d8d,erc1155,0xe111180000d2663c0091e4f400237545b87b996b,0xc8ab97a9089a9ff7e6ef0688e6e591a066946418,,,0x4d97dcd97ec945f40cf65f87097ace5ea0476045,,
0x549587d,88692861,2026-06-18T00:58:07.000Z,0xac44c9e0024392c9e465635fd09bb783e45faec88dddf1f61437eaf49d375ccf,erc1155,0xe111180000d2663c0091e4f400237545b87b996b,0xc8ab97a9089a9ff7e6ef0688e6e591a066946418,,,0x4d97dcd97ec945f40cf65f87097ace5ea0476045,,
0x549587d,88692861,2026-06-18T00:58:07.000Z,0x74e317bb7ea9fc7f0474cfcd281c9464e9adf9abff20c29a9f25ebe839efd415,erc1155,0xe111180000d2663c0091e4f400237545b87b996b,0xc8ab97a9089a9ff7e6ef0688e6e591a066946418,,,0x4d97dcd97ec945f40cf65f87097ace5ea0476045,,
0x549587d,88692861,2026-06-18T00:58:07.000Z,0xb3d77ef3ca579bd078d7d96337a5b9154d32886b1e6c5de91643ec4123f64cdb,erc1155,0xe111180000d2663c0091e4f400237545b87b996b,0xc8ab97a9089a9ff7e6ef0688e6e591a066946418,,,0x4d97dcd97ec945f40cf65f87097ace5ea0476045,,
0x549587d,88692861,2026-06-18T00:58:07.000Z,0x0dcc433f78d4034d814a20c52eb1b40139482b9795be2fa2006d214a6741a3ec,erc1155,0xe111180000d2663c0091e4f400237545b87b996b,0xc8ab97a9089a9ff7e6ef0688e6e591a066946418,,,0x4d97dcd97ec945f40cf65f87097ace5ea0476045,,
0x5495896,88692886,2026-06-18T00:58:44.000Z,0xd0235b6074aa801ab9c4564d5df6177b337a6eb36c509170fcdabd0b4655df3f,erc1155,0x608f1dc8f23c5840e78d5e87cbe8cd7161869065,0xc8ab97a9089a9ff7e6ef0688e6e591a066946418,,,0x4d97dcd97ec945f40cf65f87097ace5ea0476045,,
0x54958a7,88692903,2026-06-18T00:59:10.000Z,0x81c38c895b5e4044c51bcbefaeee2d11688be9035da973dc3eb725cf5ad5b374,erc20,0xaf86dac13743f3c6451cf63288be0d139c2a687e,0xc8ab97a9089a9ff7e6ef0688e6e591a066946418,pUSD,5.538,0xc011a7e12a19f7b1f670d46f03b03f3342e82dfb,0x5480d0,0x6
0x54958aa,88692906,2026-06-18T00:59:14.000Z,0xc6e0b3cec2e622376c8059c54966d1a3ec6b496f15f27a83b7e9dd974147565d,erc20,0xe2222d279d744050d28e00520010520000310f59,0xc8ab97a9089a9ff7e6ef0688e6e591a066946418,pUSD,81.3504,0xc011a7e12a19f7b1f670d46f03b03f3342e82dfb,0x4d94f00,0x6
0x54958c2,88692930,2026-06-18T00:59:50.000Z,0xdad38546cfdcdb3932f944de87091c22b1a61827c1191b883e3cf5d3219d1488,erc1155,0xada2005600dec949baf300f4c6120000bdb6eaab,0xc8ab97a9089a9ff7e6ef0688e6e591a066946418,,,0x4d97dcd97ec945f40cf65f87097ace5ea0476045,,
0x54958c2,88692930,2026-06-18T00:59:50.000Z,0xdad38546cfdcdb3932f944de87091c22b1a61827c1191b883e3cf5d3219d1488,external,0xe64e563d8bdfba73e6dc552cf6fafd5847f20c08,0xc8ab97a9089a9ff7e6ef0688e6e591a066946418,MATIC,0.0,,0x0,0x12
0x54958e4,88692964,2026-06-18T01:00:41.000Z,0x08539f224dc98a82417b2aac049cc94d7686f3f2fa7facd7f5e82e349d29d8f0,erc20,0xe111180000d2663c0091e4f400237545b87b996b,0xc8ab97a9089a9ff7e6ef0688e6e591a066946418,pUSD,81.5412,0xc011a7e12a19f7b1f670d46f03b03f3342e82dfb,0x4dc3850,0x6
0x54958e5,88692965,2026-06-18T01:00:43.000Z,0x8f3fcbce7fac30d04571cb0eb1644e31c47fb64be39ba9cc73b81d3af960988a,erc20,0xc636bad91e7d4259907683a5e2e6fb19c5b85ef9,0xc8ab97a9089a9ff7e6ef0688e6e591a066946418,pUSD,168.0,0xc011a7e12a19f7b1f670d46f03b03f3342e82dfb,0xa037a00,0x6
0x54958e5,88692965,2026-06-18T01:00:43.000Z,0x8f3fcbce7fac30d04571cb0eb1644e31c47fb64be39ba9cc73b81d3af960988a,erc20,0xc636bad91e7d4259907683a5e2e6fb19c5b85ef9,0xc8ab97a9089a9ff7e6ef0688e6e591a066946418,pUSD,84.0,0xc011a7e12a19f7b1f670d46f03b03f3342e82dfb,0x501bd00,0x6
0x54958e9,88692969,2026-06-18T01:00:49.000Z,0xb313b4fe57fee4bd43e7e603fd03ac81cca660ce46162014754d6899d5fab597,erc20,0xe111180000d2663c0091e4f400237545b87b996b,0xc8ab97a9089a9ff7e6ef0688e6e591a066946418,pUSD,3.5412,0xc011a7e12a19f7b1f670d46f03b03f3342e82dfb,0x3608d0,0x6
0x54958f3,88692979,2026-06-18T01:01:04.000Z,0x791175e32ea4c52de3d1b49361f817d7aaea5660a92bb8c6bac9e7a8c841f31b,erc20,0xe111180000d2663c0091e4f400237545b87b996b,0xc8ab97a9089a9ff7e6ef0688e6e591a066946418,pUSD,17.043,0xc011a7e12a19f7b1f670d46f03b03f3342e82dfb,0x1040e38,0x6
0x54958f8,88692984,2026-06-18T01:01:11.000Z,0xf2554efda5e566f1b58fb15cce1aed64ad0441b83ee1e77aaea5ba014abedab3,erc20,0xaceaf91ad4e59b4663fa0a9b3913fa82d4848b97,0xc8ab97a9089a9ff7e6ef0688e6e591a066946418,pUSD,886.45231,0xc011a7e12a19f7b1f670d46f03b03f3342e82dfb,0x34d63056,0x6
0x5495918,88693016,2026-06-18T01:01:59.000Z,0xed5747c54ea759c2cafdf35b07b73306b0200421c273f2b6c673a6922e201c9c,erc20,0xe111180000d2663c0091e4f400237545b87b996b,0xc8ab97a9089a9ff7e6ef0688e6e591a066946418,pUSD,3.4047,0xc011a7e12a19f7b1f670d46f03b03f3342e82dfb,0x33f39c,0x6
0x5495919,88693017,2026-06-18T01:02:01.000Z,0x6120d306482ccf2c03ab39ad67e3c55a26263414ed7a938661c27efd8d88cfe1,erc20,0x94bde001e4a00152490c60bebe2aab120e8c6184,0xc8ab97a9089a9ff7e6ef0688e6e591a066946418,pUSD,3.999999,0xc011a7e12a19f7b1f670d46f03b03f3342e82dfb,0x3d08ff,0x6
0x5495929,88693033,2026-06-18T01:02:25.000Z,0x5b47b133eaf36609dfe4af37f104c111c9943a18bb348294b92f525fe5e368c8,erc20,0x1fcc97d92bccec98ab57be7f286c94425d77701b,0xc8ab97a9089a9ff7e6ef0688e6e591a066946418,pUSD,14.989998,0xc011a7e12a19f7b1f670d46f03b03f3342e82dfb,0xe4baae,0x6
0x5495929,88693033,2026-06-18T01:02:25.000Z,0x55543b8dcd2185d85a042b8e7a386851aa64d256cd8df6be6e63ca84ab06f4e0,erc20,0x30328330513d01e16174d53d98c2047ef35c99e7,0xc8ab97a9089a9ff7e6ef0688e6e591a066946418,pUSD,199.999998,0xc011a7e12a19f7b1f670d46f03b03f3342e82dfb,0xbebc1fe,0x6
0x5495929,88693033,2026-06-18T01:02:25.000Z,0xde218a2063a0ed7207e38a7513d8ff3ba6e67dad7d980f87a5d249165305964d,erc20,0x11270f8d6245c2d6b6bb85805e5a8c94f98536fe,0xc8ab97a9089a9ff7e6ef0688e6e591a066946418,pUSD,3.379998,0xc011a7e12a19f7b1f670d46f03b03f3342e82dfb,0x33931e,0x6
0x549592a,88693034,2026-06-18T01:02:26.000Z,0x0569b7adb65198e5a19279318c777daca0386c46143dfd952338c26d886659a8,erc20,0xbf561a7f8431df57650d85ff07f5a67cd81f50e7,0xc8ab97a9089a9ff7e6ef0688e6e591a066946418,pUSD,30.339998,0xc011a7e12a19f7b1f670d46f03b03f3342e82dfb,0x1cef39e,0x6
0x549592f,88693039,2026-06-18T01:02:34.000Z,0x7246f997fe962f9b8ce261af88c82424218caa08f7d4dd1b294e3eb3c5f94f00,erc20,0xd63dabf98e43049c00d765b117dea9b03370e141,0xc8ab97a9089a9ff7e6ef0688e6e591a066946418,pUSD,1.9968,0xc011a7e12a19f7b1f670d46f03b03f3342e82dfb,0x1e7800,0x6
0x5495932,88693042,2026-06-18T01:02:38.000Z,0xda8b5118ee01963d967052807bf09f055776ee7b50a2c742be824898e061fd8a,erc20,0x67b30f7d626b56ee6bae35fb4dc3b74b6e423014,0xc8ab97a9089a9ff7e6ef0688e6e591a066946418,pUSD,1.619999,0xc011a7e12a19f7b1f670d46f03b03f3342e82dfb,0x18b81f,0x6
0x5495937,88693047,2026-06-18T01:02:46.000Z,0x2343adbeade4ffbae64a5ca151b36cd4cbedc4f3fb83b07f8e3ef79dac98d71a,erc1155,0xcdec2b2f060154db27ef29206e46bc3ebb3c1293,0xc8ab97a9089a9ff7e6ef0688e6e591a066946418,,,0x4d97dcd97ec945f40cf65f87097ace5ea0476045,,
0x5495938,88693048,2026-06-18T01:02:47.000Z,0x4c21eb3e01fdebd0426e892c8e4b105dc0c074505711e71fff6b9c5124371d84,erc1155,0x2b01ce4ca90e7cb257452761cdc07a757f31b2aa,0xc8ab97a9089a9ff7e6ef0688e6e591a066946418,,,0x4d97dcd97ec945f40cf65f87097ace5ea0476045,,
0x5495953,88693075,2026-06-18T01:03:28.000Z,0x91b852cce0c5e6fe495d1077ee3be1f5e8f2ee4a13b0138cc23a2fe607be4e25,erc20,0xe111180000d2663c0091e4f400237545b87b996b,0xc8ab97a9089a9ff7e6ef0688e6e591a066946418,pUSD,1138.8,0xc011a7e12a19f7b1f670d46f03b03f3342e82dfb,0x43e0b580,0x6
0x5495955,88693077,2026-06-18T01:03:31.000Z,0x096555aad2ee2f63365bb681ae432167bf45c8e5311524df7e9d9b40f6fe41f2,erc1155,0xe111180000d2663c0091e4f400237545b87b996b,0xc8ab97a9089a9ff7e6ef0688e6e591a066946418,,,0x4d97dcd97ec945f40cf65f87097ace5ea0476045,,
0x549595c,88693084,2026-06-18T01:03:41.000Z,0x397aabc84ebd103957dd8dbaad15b166ff0826517194179136911b8c06246443,erc1155,0xe2222d279d744050d28e00520010520000310f59,0xc8ab97a9089a9ff7e6ef0688e6e591a066946418,,,0x4d97dcd97ec945f40cf65f87097ace5ea0476045,,
0x549595d,88693085,2026-06-18T01:03:43.000Z,0xa15134b1beaee1a719db98dfda58133595a690b267421f302a4d4c4f4fc99442,erc20,0xe111180000d2663c0091e4f400237545b87b996b,0xc8ab97a9089a9ff7e6ef0688e6e591a066946418,pUSD,370.9511,0xc011a7e12a19f7b1f670d46f03b03f3342e82dfb,0x161c43bc,0x6
0x549595e,88693086,2026-06-18T01:03:44.000Z,0xa8353b2634f25dc6d1c7cf8d275f250979ede74996b5330edac62147e2cf49dd,erc20,0xc0ee5d68831f8f95a8c2e8bb480eb1dfc1f88291,0xc8ab97a9089a9ff7e6ef0688e6e591a066946418,pUSD,1.999999,0xc011a7e12a19f7b1f670d46f03b03f3342e82dfb,0x1e847f,0x6
0x5495967,88693095,2026-06-18T01:03:58.000Z,0xf2ec222aa7edcdd8234c6428151f736c8970adb22a6372ba996fdce9c5b9da54,erc1155,0xe111180000d2663c0091e4f400237545b87b996b,0xc8ab97a9089a9ff7e6ef0688e6e591a066946418,,,0x4d97dcd97ec945f40cf65f87097ace5ea0476045,,
0x5495971,88693105,2026-06-18T01:04:13.000Z,0x5f44e15c37fbeec0e42f8cfefb1e5f4667eb181238c502ac26afe4d377415f09,erc20,0xd932c17d7c80186881405009f1404b76e09fdad3,0xc8ab97a9089a9ff7e6ef0688e6e591a066946418,pUSD,3.999999,0xc011a7e12a19f7b1f670d46f03b03f3342e82dfb,0x3d08ff,0x6
0x5495976,88693110,2026-06-18T01:04:20.000Z,0x5a26ccb66693d39f62a6b4ec80b2a734e4f042f54cad932495679b57510b796b,erc1155,0xe111180000d2663c0091e4f400237545b87b996b,0xc8ab97a9089a9ff7e6ef0688e6e591a066946418,,,0x4d97dcd97ec945f40cf65f87097ace5ea0476045,,
0x549598d,88693133,2026-06-18T01:04:55.000Z,0xd6c5e9d7734692235d5c9ed185964053d192c21bff28052d9857bf63e42afef8,erc20,0x65d45d1454cadae706511ec883cfb2d8ab0fb7e3,0xc8ab97a9089a9ff7e6ef0688e6e591a066946418,pUSD,199.999998,0xc011a7e12a19f7b1f670d46f03b03f3342e82dfb,0xbebc1fe,0x6
0x549598d,88693133,2026-06-18T01:04:55.000Z,0xef9fcdc322a735190dfb03c6a2996e8df6d0984628400bcf17e50c186eb36dc9,erc20,0x2d7544d2f363676c8fcb43c97f4c136ae4ed4e46,0xc8ab97a9089a9ff7e6ef0688e6e591a066946418,pUSD,15.919998,0xc011a7e12a19f7b1f670d46f03b03f3342e82dfb,0xf2eb7e,0x6
0x549598d,88693133,2026-06-18T01:04:55.000Z,0xbef34214b0c274f4966a0c196bc5b8fc3d3e156550d96807cd8651fff69254ea,erc20,0x0739beca79df745311196936eb2b768c6ccdaba8,0xc8ab97a9089a9ff7e6ef0688e6e591a066946418,pUSD,3.819998,0xc011a7e12a19f7b1f670d46f03b03f3342e82dfb,0x3a49de,0x6
0x54959a6,88693158,2026-06-18T01:05:32.000Z,0x4d63084e56e584588da8f364c2fa1f6e3d5affb77feda62edb64184fb42c49f3,erc20,0xe111180000d2663c0091e4f400237545b87b996b,0xc8ab97a9089a9ff7e6ef0688e6e591a066946418,pUSD,923.6435,0xc011a7e12a19f7b1f670d46f03b03f3342e82dfb,0x370dae6c,0x6
0x54959ae,88693166,2026-06-18T01:05:44.000Z,0x11b015fbd37705d04e4573d6f3bd19b62690df820653321c28fbda482161b524,erc20,0xc636bad91e7d4259907683a5e2e6fb19c5b85ef9,0xc8ab97a9089a9ff7e6ef0688e6e591a066946418,pUSD,185.5812,0xc011a7e12a19f7b1f670d46f03b03f3342e82dfb,0xb0fbe90,0x6
0x54959c4,88693188,2026-06-18T01:06:17.000Z,0x88dbaa9dcefadae25089403c34a18bfc0fe34dff5e0ac3db99fb7be521c6986d,erc20,0x66bec80c9926363db7761c5035bc5f8d3d871148,0xc8ab97a9089a9ff7e6ef0688e6e591a066946418,pUSD,9.999998,0xc011a7e12a19f7b1f670d46f03b03f3342e82dfb,0x98967e,0x6
0x54959eb,88693227,2026-06-18T01:07:16.000Z,0x1d1b34d4d33b7b405fb12cd560068e24fc4d1340e145ec0355560a163cc3e89d,erc1155,0xe2222d279d744050d28e00520010520000310f59,0xc8ab97a9089a9ff7e6ef0688e6e591a066946418,,,0x4d97dcd97ec945f40cf65f87097ace5ea0476045,,
0x54959fe,88693246,2026-06-18T01:07:44.000Z,0x418be23e6ffa9dbc851136db56e26725e3834b4bb09efa2dadaf0f71c83f4071,erc1155,0xe111180000d2663c0091e4f400237545b87b996b,0xc8ab97a9089a9ff7e6ef0688e6e591a066946418,,,0x4d97dcd97ec945f40cf65f87097ace5ea0476045,,
0x5495a08,88693256,2026-06-18T01:07:59.000Z,0x74dcfcf03367c2dff1ebbb8f268058aedab4c2a4f27ac0de267e173122e32030,erc20,0x108d4cf10de91d535fda791bd93ba5d1ad7768db,0xc8ab97a9089a9ff7e6ef0688e6e591a066946418,pUSD,1.009998,0xc011a7e12a19f7b1f670d46f03b03f3342e82dfb,0xf694e,0x6
0x5495a08,88693256,2026-06-18T01:07:59.000Z,0x88d1d87f447852782ac257896dcd7dd7ec82a539217b354778e42b677c5a4d9b,erc1155,0xe2222d279d744050d28e00520010520000310f59,0xc8ab97a9089a9ff7e6ef0688e6e591a066946418,,,0x4d97dcd97ec945f40cf65f87097ace5ea0476045,,
0x5495a08,88693256,2026-06-18T01:07:59.000Z,0x96da53c83aff3a98394b1b738a51673b9ff8896c883a7caf0ecb3f1bd74b3e6f,erc20,0x572cf414b8f9cd696ccc69a76957d4695b7b4360,0xc8ab97a9089a9ff7e6ef0688e6e591a066946418,pUSD,1.009998,0xc011a7e12a19f7b1f670d46f03b03f3342e82dfb,0xf694e,0x6
0x5495a08,88693256,2026-06-18T01:07:59.000Z,0x19985c8dcac7ada1b30287aad2d8b1e4985bc754b06a816de3237714f52f0097,erc20,0x2a5b53ce9c6c0f04330280de203be0c6427ab78b,0xc8ab97a9089a9ff7e6ef0688e6e591a066946418,pUSD,1.009998,0xc011a7e12a19f7b1f670d46f03b03f3342e82dfb,0xf694e,0x6
0x5495a09,88693257,2026-06-18T01:08:01.000Z,0xd2247e1f39c0bb5ebb643aad1dcbbf2f567a86ad1aae437b77f8813c83653490,erc1155,0xe111180000d2663c0091e4f400237545b87b996b,0xc8ab97a9089a9ff7e6ef0688e6e591a066946418,,,0x4d97dcd97ec945f40cf65f87097ace5ea0476045,,
0x5495a34,88693300,2026-06-18T01:09:05.000Z,0xc3575238acaab5a6cee9b0b2065e7fbfca89a74e3ff0678e63988dd3514ff3dc,erc1155,0xe111180000d2663c0091e4f400237545b87b996b,0xc8ab97a9089a9ff7e6ef0688e6e591a066946418,,,0x4d97dcd97ec945f40cf65f87097ace5ea0476045,,
0x5495a5f,88693343,2026-06-18T01:10:10.000Z,0x3b3f20c1e48ba8801eb77ba99a28d4eb488b9216c08fcda10028f50dbbaf73aa,erc1155,0x9a95bff459a2e283ea20e01efeffaff71503abeb,0xc8ab97a9089a9ff7e6ef0688e6e591a066946418,,,0x4d97dcd97ec945f40cf65f87097ace5ea0476045,,
0x5495a68,88693352,2026-06-18T01:10:23.000Z,0x708bacdcdbfc65790cd99588a4f87c9fdbf812562ca506f86f55db8357f89dd5,erc1155,0x1e7220f4ed4e8f654a2743c961a43b675ae7bd5d,0xc8ab97a9089a9ff7e6ef0688e6e591a066946418,,,0x4d97dcd97ec945f40cf65f87097ace5ea0476045,,
0x5495a68,88693352,2026-06-18T01:10:23.000Z,0x99cba29193ca00ef6ad11874ca5d0aec580f4394281141b67e37018f0136b348,erc20,0xe111180000d2663c0091e4f400237545b87b996b,0xc8ab97a9089a9ff7e6ef0688e6e591a066946418,pUSD,19.4,0xc011a7e12a19f7b1f670d46f03b03f3342e82dfb,0x1280540,0x6
0x5495a76,88693366,2026-06-18T01:10:44.000Z,0xe144eb9f1d79c7863224249ae3f468de3f61be569ccb378139acd6031573214c,erc1155,0xe111180000d2663c0091e4f400237545b87b996b,0xc8ab97a9089a9ff7e6ef0688e6e591a066946418,,,0x4d97dcd97ec945f40cf65f87097ace5ea0476045,,
0x5495a8f,88693391,2026-06-18T01:11:22.000Z,0xe207b75e5343268a7cc06c275458df382b9334baf6a85da5f7754151de717f8f,erc20,0xe111180000d2663c0091e4f400237545b87b996b,0xc8ab97a9089a9ff7e6ef0688e6e591a066946418,pUSD,15.4768,0xc011a7e12a19f7b1f670d46f03b03f3342e82dfb,0xec2840,0x6
0x5495a9d,88693405,2026-06-18T01:11:43.000Z,0x1be9aac79d5ea7b1820a54f38af4ebeeb6ee698e45322f8705050bc7f9624581,erc1155,0xe111180000d2663c0091e4f400237545b87b996b,0xc8ab97a9089a9ff7e6ef0688e6e591a066946418,,,0x4d97dcd97ec945f40cf65f87097ace5ea0476045,,
0x5495aa0,88693408,2026-06-18T01:11:47.000Z,0xe06ac7c0c92198397bcb9ed50d6b53d8b27b4b69ac555cd5835dfa53f22c483f,erc1155,0xe111180000d2663c0091e4f400237545b87b996b,0xc8ab97a9089a9ff7e6ef0688e6e591a066946418,,,0x4d97dcd97ec945f40cf65f87097ace5ea0476045,,
0x5495ab0,88693424,2026-06-18T01:12:11.000Z,0x5c1c9507d1f1adcb0a4081bb956ece331a3c07819b10709a1b3a3b1faa88aece,erc1155,0xe111180000d2663c0091e4f400237545b87b996b,0xc8ab97a9089a9ff7e6ef0688e6e591a066946418,,,0x4d97dcd97ec945f40cf65f87097ace5ea0476045,,
0x5495ac9,88693449,2026-06-18T01:12:49.000Z,0x24b6f49cd4c011f5333a480615059e498321ad25b19842099c0b9fb5624e2bd3,erc1155,0xe111180000d2663c0091e4f400237545b87b996b,0xc8ab97a9089a9ff7e6ef0688e6e591a066946418,,,0x4d97dcd97ec945f40cf65f87097ace5ea0476045,,
0x5495ac9,88693449,2026-06-18T01:12:49.000Z,0x9a12d107dfa433b5d7bbddee84d507ad5cd8ec8d70e5638735fd4860170fe78c,erc1155,0x7ba94a914454cfd5da67f4e7cb123ff8644360ab,0xc8ab97a9089a9ff7e6ef0688e6e591a066946418,,,0x4d97dcd97ec945f40cf65f87097ace5ea0476045,,
0x5495acd,88693453,2026-06-18T01:12:55.000Z,0x20c7bd9371b300065236768e02d0bfa9aa858fbe961d7f934824a90911dcf582,erc1155,0xca972cdf160266af59af5ad84d0577cb3ac75409,0xc8ab97a9089a9ff7e6ef0688e6e591a066946418,,,0x4d97dcd97ec945f40cf65f87097ace5ea0476045,,
0x5495acd,88693453,2026-06-18T01:12:55.000Z,0x2efef24426d56ca7d450525f53c3d14872e7f1fc618b7bbdda3b72714583ee0f,erc1155,0xca972cdf160266af59af5ad84d0577cb3ac75409,0xc8ab97a9089a9ff7e6ef0688e6e591a066946418,,,0x4d97dcd97ec945f40cf65f87097ace5ea0476045,,
0x5495ace,88693454,2026-06-18T01:12:56.000Z,0x6becfd4f89ff84904cfad4fcddabce010c2671414548d78853fbabf773e5fde8,erc1155,0xca972cdf160266af59af5ad84d0577cb3ac75409,0xc8ab97a9089a9ff7e6ef0688e6e591a066946418,,,0x4d97dcd97ec945f40cf65f87097ace5ea0476045,,
0x5495ace,88693454,2026-06-18T01:12:56.000Z,0x324d4ff4b0fb6cb8d3c204a2a4ab1e733d56f7fcd3de4c0def7768123f5f71df,erc1155,0x7ba94a914454cfd5da67f4e7cb123ff8644360ab,0xc8ab97a9089a9ff7e6ef0688e6e591a066946418,,,0x4d97dcd97ec945f40cf65f87097ace5ea0476045,,
0x5495ad0,88693456,2026-06-18T01:12:59.000Z,0x84a3487916ceecc97108e795314f1e24edf9cfe3a9cef053ca697fc093ab8e55,erc1155,0xed457c7e2e3e28cf8129502010fcf8ae5b970d29,0xc8ab97a9089a9ff7e6ef0688e6e591a066946418,,,0x4d97dcd97ec945f40cf65f87097ace5ea0476045,,
0x5495ad6,88693462,2026-06-18T01:13:08.000Z,0x1a098ca60c96fe26defb78ac0e72f41454a1e6f97101a7b3a19eafe189ebecf5,erc1155,0xc5bdf06de8ac9e1a904408d101c0cdc86571ceaa,0xc8ab97a9089a9ff7e6ef0688e6e591a066946418,,,0x4d97dcd97ec945f40cf65f87097ace5ea0476045,,
0x5495adb,88693467,2026-06-18T01:13:16.000Z,0x54158bb91996503bf6dfc7c4ebd10bec2751b9d3061f9141ebeeb9bba9735955,erc1155,0xca972cdf160266af59af5ad84d0577cb3ac75409,0xc8ab97a9089a9ff7e6ef0688e6e591a066946418,,,0x4d97dcd97ec945f40cf65f87097ace5ea0476045,,
0x5495af0,88693488,2026-06-18T01:13:47.000Z,0xe2ff9960c44c7746fa11b6b9899d969add75f22d4a0f1df0360625fe59c89f38,erc1155,0x428208cf4ff7b0aaede6dfd86969cfc823f93455,0xc8ab97a9089a9ff7e6ef0688e6e591a066946418,,,0x4d97dcd97ec945f40cf65f87097ace5ea0476045,,
0x5495af0,88693488,2026-06-18T01:13:47.000Z,0x8070456a65514759fc6f3b260d3bb56652344c34a0ab6c5faf25aa86705bc3c1,erc1155,0x3d03c46d2e4594ea6fa03f7b571342d8ee249d52,0xc8ab97a9089a9ff7e6ef0688e6e591a066946418,,,0x4d97dcd97ec945f40cf65f87097ace5ea0476045,,
0x5495af1,88693489,2026-06-18T01:13:49.000Z,0x0e11e0d79666ab228ad82c93daad1bd95b3831fa3605d93c245ba88224e22cca,erc1155,0xb6ce892dd3e01d4e30264f15fd9e61a4f62f895d,0xc8ab97a9089a9ff7e6ef0688e6e591a066946418,,,0x4d97dcd97ec945f40cf65f87097ace5ea0476045,,
0x5495af3,88693491,2026-06-18T01:13:52.000Z,0x37a26522dded288e567436473b732b14a652a342bd88dd62c15c25b8a89363d5,erc1155,0x9902cc1ffb582e079c902380b655fdc3afb534b3,0xc8ab97a9089a9ff7e6ef0688e6e591a066946418,,,0x4d97dcd97ec945f40cf65f87097ace5ea0476045,,
0x5495af3,88693491,2026-06-18T01:13:52.000Z,0xe2708215864540226b4c8301e3fdf871d1b472ccdf9e7a1f73a309db7916b0d1,erc1155,0x54498e4c40b17261479aeaeeddf9cc37bd46992b,0xc8ab97a9089a9ff7e6ef0688e6e591a066946418,,,0x4d97dcd97ec945f40cf65f87097ace5ea0476045,,
0x5495af8,88693496,2026-06-18T01:13:59.000Z,0xb6eb4287253bc4d2262cbfc9b3a2fba528640a3f21704011562ace39271137f6,erc1155,0x7ba94a914454cfd5da67f4e7cb123ff8644360ab,0xc8ab97a9089a9ff7e6ef0688e6e591a066946418,,,0x4d97dcd97ec945f40cf65f87097ace5ea0476045,,
0x5495b09,88693513,2026-06-18T01:14:25.000Z,0xee38f9a34e135bfd88c08a7fbb9f7b04bb4efc338f1abf215f48811bd97829a5,erc20,0xe2222d279d744050d28e00520010520000310f59,0xc8ab97a9089a9ff7e6ef0688e6e591a066946418,pUSD,4000.0,0xc011a7e12a19f7b1f670d46f03b03f3342e82dfb,0xee6b2800,0x6
0x5495b0b,88693515,2026-06-18T01:14:28.000Z,0x62dcaf2698865408641a06b76187a09eea3fcbbf808f1ccd4b3b5fa5fb566550,erc1155,0xc5bdf06de8ac9e1a904408d101c0cdc86571ceaa,0xc8ab97a9089a9ff7e6ef0688e6e591a066946418,,,0x4d97dcd97ec945f40cf65f87097ace5ea0476045,,
0x5495b10,88693520,2026-06-18T01:14:35.000Z,0x4f7119072586e57d11f20253d26255c4b9a4116079d6b0e55de294dfe9591c73,erc1155,0xca972cdf160266af59af5ad84d0577cb3ac75409,0xc8ab97a9089a9ff7e6ef0688e6e591a066946418,,,0x4d97dcd97ec945f40cf65f87097ace5ea0476045,,
0x5495b12,88693522,2026-06-18T01:14:38.000Z,0x854823821b0e2e55dca0b1ffaa3d5b71cd5d24b08932493899718d8c816349ca,erc1155,0xd53ef4238bab3af3dc1e81f4c5640dbf42a20b73,0xc8ab97a9089a9ff7e6ef0688e6e591a066946418,,,0x4d97dcd97ec945f40cf65f87097ace5ea0476045,,
0x5495b18,88693528,2026-06-18T01:14:47.000Z,0x70d2127bbc3fef789bb99f7e5b6750376b301dd07a63079bf9312583b2d79cb8,erc1155,0xe111180000d2663c0091e4f400237545b87b996b,0xc8ab97a9089a9ff7e6ef0688e6e591a066946418,,,0x4d97dcd97ec945f40cf65f87097ace5ea0476045,,
0x5495b19,88693529,2026-06-18T01:14:49.000Z,0xb9fa6e0697c18ccfcf010111992811c0160d9f91d56fb970e7358dc806b51481,erc1155,0xe111180000d2663c0091e4f400237545b87b996b,0xc8ab97a9089a9ff7e6ef0688e6e591a066946418,,,0x4d97dcd97ec945f40cf65f87097ace5ea0476045,,
0x5495b28,88693544,2026-06-18T01:15:11.000Z,0x4439d1bc7e553fcc567b6e601d6cbb0a710e2c820762ff17136a17357af6140d,erc1155,0xe111180000d2663c0091e4f400237545b87b996b,0xc8ab97a9089a9ff7e6ef0688e6e591a066946418,,,0x4d97dcd97ec945f40cf65f87097ace5ea0476045,,
0x5495b33,88693555,2026-06-18T01:15:28.000Z,0xdae07bec7cfe73af0b106479e2207c69c0ab6393a14fa3d4c2cd739ada6e3832,erc1155,0xc5bdf06de8ac9e1a904408d101c0cdc86571ceaa,0xc8ab97a9089a9ff7e6ef0688e6e591a066946418,,,0x4d97dcd97ec945f40cf65f87097ace5ea0476045,,
0x5495b37,88693559,2026-06-18T01:15:34.000Z,0x0e92a38f4335361234a4b577841f55caf2a28d4915c7b35ff7ce75e6efa6a2bd,erc20,0xe111180000d2663c0091e4f400237545b87b996b,0xc8ab97a9089a9ff7e6ef0688e6e591a066946418,pUSD,1806.5472,0xc011a7e12a19f7b1f670d46f03b03f3342e82dfb,0x6badb900,0x6
0x5495b5d,88693597,2026-06-18T01:16:31.000Z,0x47ad5955d0f08f78a032bf0f962cf9547628eab97dffcbf6f6ed7e1e6145ff0d,erc1155,0xe2222d279d744050d28e00520010520000310f59,0xc8ab97a9089a9ff7e6ef0688e6e591a066946418,,,0x4d97dcd97ec945f40cf65f87097ace5ea0476045,,
0x5495b5e,88693598,2026-06-18T01:16:32.000Z,0xdb9cd624314b39e7ecbedba6690de9317f7fe822e137925632c79d5bca3dafc4,erc20,0xe111180000d2663c0091e4f400237545b87b996b,0xc8ab97a9089a9ff7e6ef0688e6e591a066946418,pUSD,367.9968,0xc011a7e12a19f7b1f670d46f03b03f3342e82dfb,0x15ef2f80,0x6
0x5495b61,88693601,2026-06-18T01:16:37.000Z,0x06b18ad2957bae089eb46943168ec4466ec523526f3b0329075d825e9df53fce,erc1155,0xe111180000d2663c0091e4f400237545b87b996b,0xc8ab97a9089a9ff7e6ef0688e6e591a066946418,,,0x4d97dcd97ec945f40cf65f87097ace5ea0476045,,
0x5495bc6,88693702,2026-06-18T01:19:08.000Z,0xbd63471ca6a6484b34b2276f35d554ee2891cd54e233b45d13f3f0fbbcca5de2,erc1155,0xc7b84afab9e144a258b98a1cb45e05df7aab0d21,0xc8ab97a9089a9ff7e6ef0688e6e591a066946418,,,0x4d97dcd97ec945f40cf65f87097ace5ea0476045,,
0x5495bce,88693710,2026-06-18T01:19:20.000Z,0xe54719bd9aa623110b0223d2100b4e528834683d1866a82052e805767d51b606,erc1155,0xe2222d279d744050d28e00520010520000310f59,0xc8ab97a9089a9ff7e6ef0688e6e591a066946418,,,0x4d97dcd97ec945f40cf65f87097ace5ea0476045,,
0x5495c0d,88693773,2026-06-18T01:20:55.000Z,0x94d73d2811275ae664bb44745621338a7f1a6540ec175bbbfde79e53db4186d7,erc20,0xf9a59152a32f494ce64df8c46ed783cdd73327cf,0xc8ab97a9089a9ff7e6ef0688e6e591a066946418,pUSD,1.279998,0xc011a7e12a19f7b1f670d46f03b03f3342e82dfb,0x1387fe,0x6
0x5495c29,88693801,2026-06-18T01:21:37.000Z,0x6003fd2319dcacf961e216310ac0770743564bf7e60be628b509bd36832d3fe0,erc1155,0xe111180000d2663c0091e4f400237545b87b996b,0xc8ab97a9089a9ff7e6ef0688e6e591a066946418,,,0x4d97dcd97ec945f40cf65f87097ace5ea0476045,,
0x5495c34,88693812,2026-06-18T01:21:53.000Z,0x30490ed7ad2a2700baee809bc237f0f4242eefa1f0e2adf38db361f3c3359680,erc20,0x47e13c88f7679b0dbb6939ca4e140deb2407e621,0xc8ab97a9089a9ff7e6ef0688e6e591a066946418,pUSD,24.999998,0xc011a7e12a19f7b1f670d46f03b03f3342e82dfb,0x17d783e,0x6
0x5495c35,88693813,2026-06-18T01:21:55.000Z,0xbdd674392cdd5a69724fac3961ca392538b8e1fb31b7c378c11145befd380728,erc1155,0xe111180000d2663c0091e4f400237545b87b996b,0xc8ab97a9089a9ff7e6ef0688e6e591a066946418,,,0x4d97dcd97ec945f40cf65f87097ace5ea0476045,,
0x5495c41,88693825,2026-06-18T01:22:13.000Z,0x5cad1d8213981256f3ab5db160eef62e0efcadb8d695f23dba124de2d388336e,erc20,0xe2222d279d744050d28e00520010520000310f59,0xc8ab97a9089a9ff7e6ef0688e6e591a066946418,pUSD,3.9279,0xc011a7e12a19f7b1f670d46f03b03f3342e82dfb,0x3bef5c,0x6
0x5495c69,88693865,2026-06-18T01:23:13.000Z,0x31b879b92bb4b3e8d4d62577125cc20179646df1c6baeb55960da3de1cf4bde8,erc1155,0x396e139b47f770d9b71892816c373e04bd302200,0xc8ab97a9089a9ff7e6ef0688e6e591a066946418,,,0x4d97dcd97ec945f40cf65f87097ace5ea0476045,,
0x5495c69,88693865,2026-06-18T01:23:13.000Z,0xad9e7ef7c9c891ee3ad85d11b53e618efe94e2ff9ad1268037c1b7623fd6f6fe,erc1155,0x452de394c6ff66a060d9f9316dca9ff361df0395,0xc8ab97a9089a9ff7e6ef0688e6e591a066946418,,,0x4d97dcd97ec945f40cf65f87097ace5ea0476045,,
0x5495c6f,88693871,2026-06-18T01:23:22.000Z,0x46993843e3758e0da268b78a5f5f3f15282ae84c37a24eaa6c4649063f5a6213,erc1155,0xe2222d279d744050d28e00520010520000310f59,0xc8ab97a9089a9ff7e6ef0688e6e591a066946418,,,0x4d97dcd97ec945f40cf65f87097ace5ea0476045,,
0x5495c7d,88693885,2026-06-18T01:23:43.000Z,0xaf613d9fb2cb1c026f5ec74962a251d430dfb4bc2c2fbb3c52706a3b1038d38c,erc20,0xe111180000d2663c0091e4f400237545b87b996b,0xc8ab97a9089a9ff7e6ef0688e6e591a066946418,pUSD,2.6976,0xc011a7e12a19f7b1f670d46f03b03f3342e82dfb,0x292980,0x6
0x5495cb6,88693942,2026-06-18T01:25:08.000Z,0x9e0f8eac0156f842dccd3e53d5e21c7c23a01a810a7ab488b1620690399d39f1,erc1155,0xe111180000d2663c0091e4f400237545b87b996b,0xc8ab97a9089a9ff7e6ef0688e6e591a066946418,,,0x4d97dcd97ec945f40cf65f87097ace5ea0476045,,
0x5495cb6,88693942,2026-06-18T01:25:08.000Z,0x9e0f8eac0156f842dccd3e53d5e21c7c23a01a810a7ab488b1620690399d39f1,erc1155,0xe111180000d2663c0091e4f400237545b87b996b,0xc8ab97a9089a9ff7e6ef0688e6e591a066946418,,,0x4d97dcd97ec945f40cf65f87097ace5ea0476045,,
0x5495cbb,88693947,2026-06-18T01:25:16.000Z,0x98d6608edfcc125e53aff713416618ad9a38c098143747ad99590f613c844987,erc20,0xaf7a0378c663ccd7059bcb1f45bc286a88680c40,0xc8ab97a9089a9ff7e6ef0688e6e591a066946418,pUSD,846.0938,0xc011a7e12a19f7b1f670d46f03b03f3342e82dfb,0x326e5de8,0x6
0x5495cc2,88693954,2026-06-18T01:25:26.000Z,0xf506ede7d37d5ff8fba06fb86c8e77cc8d191f2c19a691bb57dfd0dabbf6eb25,erc20,0xe111180000d2663c0091e4f400237545b87b996b,0xc8ab97a9089a9ff7e6ef0688e6e591a066946418,pUSD,45.4866,0xc011a7e12a19f7b1f670d46f03b03f3342e82dfb,0x2b61208,0x6
0x5495cdf,88693983,2026-06-18T01:26:10.000Z,0xd24193dfb01119567d5be798cf932ae50b4594068e6e923728fe4372a4b8a1f0,erc1155,0xf9a59152a32f494ce64df8c46ed783cdd73327cf,0xc8ab97a9089a9ff7e6ef0688e6e591a066946418,,,0x4d97dcd97ec945f40cf65f87097ace5ea0476045,,
0x5495ce4,88693988,2026-06-18T01:26:17.000Z,0x3f649fc982e20f7af93e24ffbf78d1a825e716d5198c6ec20465820dc180c7f1,erc1155,0xe2222d279d744050d28e00520010520000310f59,0xc8ab97a9089a9ff7e6ef0688e6e591a066946418,,,0x4d97dcd97ec945f40cf65f87097ace5ea0476045,,
