proxyWallet,step11E_priority,step11E_priority_reason,pattern,uniqueMarketsBoughtYES,targetMarketYESBuyCount,futureMarketYESBuyCount,targetMarketYESNotionalUSDC,futureMarketYESNotionalUSDC,totalYESNotionalUSDC,relevantYESBuyRows,relevantTargetYESBuyRows,relevantFutureYESBuyRows,relevantYESBuyNotionalUSDC,firstRelevantYESBuyUTC,lastRelevantYESBuyUTC,earliestYESBuyUTC,latestYESBuyUTC,names,pseudonyms
0x5bb0de4e97698184ead80c80cb17a26cd6f6814b,1,future-only YES buyer with at least 100k notional exposure,BOUGHT_FUTURE_MARKETS_ONLY,2,0,10,0.0,1109998.89,1109998.89,10,0,10,1109998.89,2026-06-17T07:50:59+00:00,2026-06-17T07:58:19+00:00,2026-06-17T07:50:59+00:00,2026-06-17T07:58:19+00:00,bobe2.1,Pointless-Motherinlaw
0x02e7f29f3e612a95a9ccca7131ce7dd5d56b59e5,1,target-market YES buyer,BOUGHT_TARGET_AND_FUTURE_MARKETS,3,46,38,1026532.33597,70398.36112,1096930.69709,84,46,38,1096930.69709,2026-06-17T19:30:38+00:00,2026-06-18T00:23:47+00:00,2026-06-17T19:30:38+00:00,2026-06-18T00:23:47+00:00,CAR-GangVersion,Ancient-Ramie
0x4099db7f2d394449ccf89c8d42260ecaf1d79fb8,1,future-only YES buyer with at least 100k notional exposure,BOUGHT_FUTURE_MARKETS_ONLY,3,0,5,0.0,859472.03304,859472.03304,5,0,5,859472.0330400001,2026-06-17T07:56:41+00:00,2026-06-17T07:59:29+00:00,2026-06-17T07:56:41+00:00,2026-06-17T07:59:29+00:00,PowellTheKing,Windy-Guard-Cria
0x24c8cf69a0e0a17eee21f69d29752bfa32e823e1,1,target-market YES buyer,BOUGHT_TARGET_AND_FUTURE_MARKETS,5,13,61,25535.59884,682471.658893,708007.257733,70,13,57,707998.36975,2026-06-17T15:13:43+00:00,2026-06-18T00:23:47+00:00,2026-04-22T14:01:36+00:00,2026-06-18T00:23:47+00:00,debased,Broken-Dogwood
0x44c1dfe43260c94ed4f1d00de2e1f80fb113ebc1,1,future-only YES buyer with at least 100k notional exposure,BOUGHT_FUTURE_MARKETS_ONLY,6,0,75,0.0,674779.578004,674779.578004,19,0,19,673479.57813,2026-06-17T07:56:41+00:00,2026-06-17T18:13:23+00:00,2026-05-08T23:48:34+00:00,2026-06-17T18:13:23+00:00,aenews2,Sociable-Rooster
0x4c358f830cea4ee26a301ed0faef418bc149fcfe,1,future-only YES buyer with at least 100k notional exposure,BOUGHT_FUTURE_MARKETS_ONLY,2,0,57,0.0,670170.30334,670170.30334,57,0,57,670170.30334,2026-06-17T14:56:11+00:00,2026-06-17T17:49:17+00:00,2026-06-17T14:56:11+00:00,2026-06-17T17:49:17+00:00,FengfengHUop,Delightful-Forager
0xed107a85a4585a381e48c7f7ca4144909e7dd2e5,1,future-only YES buyer with at least 100k notional exposure,BOUGHT_FUTURE_MARKETS_ONLY,2,0,4,0.0,573725.0,573725.0,4,0,4,573725.0,2026-06-17T07:56:41+00:00,2026-06-17T07:58:19+00:00,2026-06-17T07:56:41+00:00,2026-06-17T07:58:19+00:00,elmcap2,Flashy-Label
0xa012e12645cbba5d03320b1d5ec20c5ef0a26e3e,1,target-market YES buyer,BOUGHT_TARGET_MARKET_ONLY,1,32,0,499500.0,0.0,499500.0,32,32,0,499500.0,2026-06-17T22:27:07+00:00,2026-06-17T22:51:55+00:00,2026-06-17T22:27:07+00:00,2026-06-17T22:51:55+00:00,booltrue,Awful-Ash
0x88edd092d799556111e57ff3b2107e24dd406cfb,1,target-market YES buyer,BOUGHT_TARGET_AND_FUTURE_MARKETS,2,20,17,237277.25523,115322.73183,352599.98706,37,20,17,352599.98706,2026-06-17T23:08:49+00:00,2026-06-18T00:15:41+00:00,2026-06-17T23:08:49+00:00,2026-06-18T00:15:41+00:00,cooler-,Blind-Rite
0xd189664c5308903476f9f079820431e4fd7d06f4,1,future-only YES buyer with at least 100k notional exposure,BOUGHT_FUTURE_MARKETS_ONLY,3,0,95,0.0,314149.991702,314149.991702,95,0,95,314149.99170199997,2026-06-16T23:53:38+00:00,2026-06-17T17:25:29+00:00,2026-06-16T23:53:38+00:00,2026-06-17T17:25:29+00:00,rwo,Smart-Compassion
0xebc6257296364265b17cb6e2d605c66d14fdd45f,1,future-only YES buyer with at least 100k notional exposure,BOUGHT_FUTURE_MARKETS_ONLY,2,0,16,0.0,309221.14834,309221.14834,16,0,16,309221.14834,2026-06-17T16:36:05+00:00,2026-06-17T18:09:13+00:00,2026-06-17T16:36:05+00:00,2026-06-17T18:09:13+00:00,NIRVANA87,Nonstop-Reef
0x1295269296e51cd28a3db85fa6728c0e352b5cfd,1,future-only YES buyer with at least 100k notional exposure,BOUGHT_FUTURE_MARKETS_ONLY,2,0,10,0.0,254162.198308,254162.198308,10,0,10,254162.198308,2026-06-17T18:12:40+00:00,2026-06-17T18:43:55+00:00,2026-06-17T18:12:40+00:00,2026-06-17T18:43:55+00:00,FlyingPlaty,Sugary-Concentration
0x12d6cccfc7470a3f4bafc53599a4779cbf2cf2a8,1,future-only YES buyer with at least 100k notional exposure,BOUGHT_FUTURE_MARKETS_ONLY,5,0,96,0.0,231901.73646,231901.73646,96,0,96,231901.73646,2026-06-16T13:11:01+00:00,2026-06-18T00:33:05+00:00,2026-06-16T13:11:01+00:00,2026-06-18T00:33:05+00:00,classified,Personal-Bake
0x84571f1bf97a5c710cbe51daff2dd4556cc887fd,1,target-market YES buyer,BOUGHT_TARGET_MARKET_ONLY,1,50,0,213936.849,0.0,213936.849,50,50,0,213936.849,2026-06-17T23:32:52+00:00,2026-06-17T23:38:29+00:00,2026-06-17T23:32:52+00:00,2026-06-17T23:38:29+00:00,ZhangMuZhi..,Tattered-Columnist
0xa102b434ce441a3119e146f75ed6276ee1a836d9,1,target-market YES buyer,BOUGHT_TARGET_MARKET_ONLY,1,18,0,204876.33858,0.0,204876.33858,18,18,0,204876.33858,2026-06-18T00:25:40+00:00,2026-06-18T00:28:04+00:00,2026-06-18T00:25:40+00:00,2026-06-18T00:28:04+00:00,tf2,Drafty-Native
0x8ebfdc251c6c378d4a3a54a8f15cebfa4b9183ce,1,target-market YES buyer,BOUGHT_TARGET_AND_FUTURE_MARKETS,4,4,16,20511.90756,180150.58797,200662.49553,20,4,16,200662.49553000001,2026-06-17T08:27:10+00:00,2026-06-18T00:19:07+00:00,2026-06-17T08:27:10+00:00,2026-06-18T00:19:07+00:00,Ordon,Sarcastic-Commandment
0x751a2b86cab503496efd325c8344e10159349ea1,1,future-only YES buyer with at least 100k notional exposure,BOUGHT_FUTURE_MARKETS_ONLY,2,0,27,0.0,174368.09736,174368.09736,27,0,27,174368.09736,2026-06-17T21:09:05+00:00,2026-06-17T23:49:37+00:00,2026-06-17T21:09:05+00:00,2026-06-17T23:49:37+00:00,Sharky6999,Tremendous-Closet
0x0c101db716b0d39f7b7431e7f5edbc3cc9adf96a,1,future-only YES buyer with at least 100k notional exposure,BOUGHT_FUTURE_MARKETS_ONLY,5,0,76,0.0,146383.04724,146383.04724,76,0,76,146383.04724,2026-06-17T19:03:22+00:00,2026-06-17T22:20:56+00:00,2026-06-17T19:03:22+00:00,2026-06-17T22:20:56+00:00,farminglabs,Rigid-Filing
0x3670279e844f5005d7ed8cc37ca562eaadef34f9,1,target-market YES buyer,BOUGHT_TARGET_AND_FUTURE_MARKETS,4,2,4,4357.638,129998.992278,134356.630278,6,2,4,134356.630278,2026-06-17T19:27:41+00:00,2026-06-18T00:20:23+00:00,2026-06-17T19:27:41+00:00,2026-06-18T00:20:23+00:00,0x3670279e844f5005d7ed8cc37ca562eaadef34f9,0x3670279e844f5005d7ed8cc37ca562eaadef34f9
0x4ad6cadefae3c28f5b2caa32a99ebba3a614464c,1,future-only YES buyer with at least 100k notional exposure,BOUGHT_FUTURE_MARKETS_ONLY,3,0,5,0.0,126825.04289,126825.04289,5,0,5,126825.04289,2026-06-17T07:56:41+00:00,2026-06-17T21:54:14+00:00,2026-06-17T07:56:41+00:00,2026-06-17T21:54:14+00:00,noreasapa,Unripe-Split
0x97f937e0ec5068121db4a4b900140544b09f4e4f,1,target-market YES buyer,BOUGHT_TARGET_MARKET_ONLY,1,20,0,100030.869,0.0,100030.869,20,20,0,100030.869,2026-06-17T23:16:19+00:00,2026-06-18T00:16:37+00:00,2026-06-17T23:16:19+00:00,2026-06-18T00:16:37+00:00,Mark001-,Bright-Moment
0x40604cb1f958c03bea0b18aa43e4cb0d62f33ec3,1,target-market YES buyer,BOUGHT_TARGET_AND_FUTURE_MARKETS,2,44,1,97902.0,150.39945,98052.39945,45,44,1,98052.39945,2026-06-17T23:55:11+00:00,2026-06-18T00:00:52+00:00,2026-06-17T23:55:11+00:00,2026-06-18T00:00:52+00:00,C03B,Oblong-Riser
0x6a88c5ecd262e2c42e78bad8e6db7ab3c4e4b859,1,target-market YES buyer,BOUGHT_TARGET_MARKET_ONLY,1,16,0,79920.0,0.0,79920.0,16,16,0,79920.0,2026-06-17T22:55:04+00:00,2026-06-17T23:32:52+00:00,2026-06-17T22:55:04+00:00,2026-06-17T23:32:52+00:00,pelik,Short-Convention
0x7c3db723f1d4d8cb9c550095203b686cb11e5c6b,1,target-market YES buyer,BOUGHT_TARGET_AND_FUTURE_MARKETS,2,7,5,77621.446,90.96134,77712.40734,7,7,0,77621.446,2026-06-17T23:45:31+00:00,2026-06-17T23:50:56+00:00,2026-05-08T23:22:03+00:00,2026-06-17T23:50:56+00:00,Car,Peppery-Capital
0xa6f8220dfac596335d6b6719f2a2c7b451cc316d,1,target-market YES buyer,BOUGHT_TARGET_AND_FUTURE_MARKETS,2,1,13,41519.9385,24821.26389,66341.20239,14,1,13,66341.20238999999,2026-06-17T21:11:34+00:00,2026-06-17T21:21:19+00:00,2026-06-17T21:11:34+00:00,2026-06-17T21:21:19+00:00,Imbleciar,Stale-Applewood
0x0e5bd76779e74304d08e759072abf126d87da593,1,target-market YES buyer,BOUGHT_TARGET_MARKET_ONLY,1,4,0,58891.05,0.0,58891.05,4,4,0,58891.05,2026-06-17T21:19:56+00:00,2026-06-17T21:21:19+00:00,2026-06-17T21:19:56+00:00,2026-06-17T21:21:19+00:00,JAHODA,Frizzy-Opening
0x731a241767938bb23d1b2fac4c9cd2f3cea9033f,1,target-market YES buyer,BOUGHT_TARGET_AND_FUTURE_MARKETS,3,2,58,4995.0,53752.11408,58747.11408,60,2,58,58747.11408,2026-06-17T21:54:14+00:00,2026-06-17T23:46:40+00:00,2026-06-17T21:54:14+00:00,2026-06-17T23:46:40+00:00,CoinTrick,Hearty-Coast
0x43372356634781eea88d61bbdd7824cdce958882,1,target-market YES buyer,BOUGHT_TARGET_MARKET_ONLY,1,9,0,55499.445,0.0,55499.445,9,9,0,55499.445,2026-06-17T22:25:11+00:00,2026-06-17T22:27:07+00:00,2026-06-17T22:25:11+00:00,2026-06-17T22:27:07+00:00,Anjun,Quizzical-Hire
0x69d57cfa1abed351049d0d8de541b33635ce7767,1,target-market YES buyer,BOUGHT_TARGET_MARKET_ONLY,1,10,0,53527.29912,0.0,53527.29912,10,10,0,53527.299119999996,2026-06-17T23:07:58+00:00,2026-06-17T23:13:49+00:00,2026-06-17T23:07:58+00:00,2026-06-17T23:13:49+00:00,phantomsc,Worse-Grip
0x44a1159b925c145e70f746bb3f0f58380553bd21,1,target-market YES buyer,BOUGHT_TARGET_MARKET_ONLY,1,33,0,49950.0,0.0,49950.0,33,33,0,49950.0,2026-06-18T00:23:25+00:00,2026-06-18T00:32:16+00:00,2026-06-18T00:23:25+00:00,2026-06-18T00:32:16+00:00,yupiiiiiiiii,True-Counsel
0x7bc14171ccb0d3e6bac219ec6a76211826e28db4,1,target-market YES buyer,BOUGHT_TARGET_MARKET_ONLY,1,1,0,42357.6,0.0,42357.6,1,1,0,42357.6,2026-06-17T23:39:29+00:00,2026-06-17T23:39:29+00:00,2026-06-17T23:39:29+00:00,2026-06-17T23:39:29+00:00,coali10,Defiant-Competence-Initiative
0x9931f957a7445c9cf3f48cf09c3e523193b2ea8c,1,target-market YES buyer,BOUGHT_TARGET_MARKET_ONLY,1,4,0,35763.77043,0.0,35763.77043,4,4,0,35763.770430000004,2026-06-18T00:20:26+00:00,2026-06-18T00:22:26+00:00,2026-06-18T00:20:26+00:00,2026-06-18T00:22:26+00:00,tewsss,Doting-Official
0x2200b75c27835935a40308779b5656c09ab40f2d,1,target-market YES buyer,BOUGHT_TARGET_AND_FUTURE_MARKETS,2,1,1,29970.0,5.71065,29975.71065,1,1,0,29970.0,2026-06-17T23:40:20+00:00,2026-06-17T23:40:20+00:00,2026-05-08T22:13:57+00:00,2026-06-17T23:40:20+00:00,BeanC0unter,Squiggly-Cub
0x54b56146656e7eef9da02b3a030c18e06e924b31,1,target-market YES buyer,BOUGHT_TARGET_AND_FUTURE_MARKETS,2,1,1,29970.0,2.4,29972.4,1,1,0,29970.0,2026-06-17T23:51:31+00:00,2026-06-17T23:51:31+00:00,2026-05-09T00:22:03+00:00,2026-06-17T23:51:31+00:00,pup1,Grand-Reasoning
0x2a019dc0089ea8c6edbbafc8a7cc9ba77b4b6397,1,target-market YES buyer,BOUGHT_TARGET_MARKET_ONLY,1,1,0,29970.0,0.0,29970.0,1,1,0,29970.0,2026-06-18T00:14:10+00:00,2026-06-18T00:14:10+00:00,2026-06-18T00:14:10+00:00,2026-06-18T00:14:10+00:00,aviato,Flat-Badger
0x206191d01c411a5b346d11a2df2d463a356b8ec9,1,target-market YES buyer,BOUGHT_TARGET_MARKET_ONLY,1,2,0,27749.223,0.0,27749.223,2,2,0,27749.222999999998,2026-06-17T23:44:22+00:00,2026-06-17T23:50:02+00:00,2026-06-17T23:44:22+00:00,2026-06-17T23:50:02+00:00,rebotsliaf,Hospitable-Maestro
0x7b676d5a6379855773d405fcf19b9aa577651b07,1,target-market YES buyer,BOUGHT_TARGET_AND_FUTURE_MARKETS,2,1,2,849.15,25334.64,26183.79,3,1,2,26183.79,2026-06-17T11:12:23+00:00,2026-06-18T00:32:16+00:00,2026-06-17T11:12:23+00:00,2026-06-18T00:32:16+00:00,Polyfirefly,Rare-Concentrate
0x112e9bf2f008dae57e1e6ad44ba73292e20ca3f6,1,target-market YES buyer,BOUGHT_TARGET_MARKET_ONLY,1,6,0,19980.0,0.0,19980.0,6,6,0,19980.0,2026-06-18T00:15:41+00:00,2026-06-18T00:15:47+00:00,2026-06-18T00:15:41+00:00,2026-06-18T00:15:47+00:00,yonose,Giant-Speedboat
0x16bd7cc71f6da1e77d1d8255677abc75b9bae288,1,target-market YES buyer,BOUGHT_TARGET_MARKET_ONLY,1,15,0,17759.223,0.0,17759.223,15,15,0,17759.223,2026-06-17T23:42:32+00:00,2026-06-17T23:44:22+00:00,2026-06-17T23:42:32+00:00,2026-06-17T23:44:22+00:00,ddalkkak,Sorrowful-Semester
0xc4086b708cd3a50880b7069add1a1a80000f4675,1,target-market YES buyer,BOUGHT_TARGET_AND_FUTURE_MARKETS,2,1,1,6993.0,9970.0,16963.0,2,1,1,16963.0,2026-06-17T07:59:29+00:00,2026-06-18T00:21:19+00:00,2026-06-17T07:59:29+00:00,2026-06-18T00:21:19+00:00,JJo,Flashy-Bid
0xfef4edf8c1a76e66ff065081a136c9bfeef429bd,1,target-market YES buyer,BOUGHT_TARGET_MARKET_ONLY,1,2,0,13925.4606,0.0,13925.4606,2,2,0,13925.4606,2026-06-18T00:15:19+00:00,2026-06-18T00:18:40+00:00,2026-06-18T00:15:19+00:00,2026-06-18T00:18:40+00:00,0xfEf4eDf8c1A76E66FF065081a136C9BfEeF429bD-1781309546043,Reasonable-Tabby
0xc4eaee3cdd1e20a75209250dc8c67a6d180262c5,1,target-market YES buyer,BOUGHT_TARGET_MARKET_ONLY,1,3,0,11099.889,0.0,11099.889,3,3,0,11099.889000000001,2026-06-17T23:44:59+00:00,2026-06-17T23:45:31+00:00,2026-06-17T23:44:59+00:00,2026-06-17T23:45:31+00:00,,
0x35e36faa4cf1488d120580302ed1d149be749188,1,target-market YES buyer,BOUGHT_TARGET_AND_FUTURE_MARKETS,2,13,16,6089.78412,4999.991556,11089.775676,29,13,16,11089.775676,2026-06-17T18:01:05+00:00,2026-06-17T23:50:58+00:00,2026-06-17T18:01:05+00:00,2026-06-17T23:50:58+00:00,0x35e36FaA4cf1488D120580302Ed1d149bE749188-1775509899044,Strident-Export
0x144e019d576f112fa767cc77240b98a7f31e5e08,1,target-market YES buyer,BOUGHT_TARGET_AND_FUTURE_MARKETS,6,29,432,844.83432,9528.02149,10372.85581,461,29,432,10372.855810000001,2026-06-16T11:02:45+00:00,2026-06-18T00:32:29+00:00,2026-06-16T11:02:45+00:00,2026-06-18T00:32:29+00:00,newstrat,Splendid-Worshiper
0x615346ac3277f46c5282bd7eb20fc496d55144ab,1,target-market YES buyer,BOUGHT_TARGET_AND_FUTURE_MARKETS,6,20,394,589.33008,9215.15827,9804.48835,414,20,394,9804.48835,2026-06-16T11:02:45+00:00,2026-06-18T00:32:29+00:00,2026-06-16T11:02:45+00:00,2026-06-18T00:32:29+00:00,clem913,Inborn-Bust
0x5a892cefe9c01ed049d8e5193136abaf5808c186,1,target-market YES buyer,BOUGHT_TARGET_AND_FUTURE_MARKETS,6,32,377,777.59163,7942.03678,8719.62841,409,32,377,8719.62841,2026-06-16T11:02:45+00:00,2026-06-18T00:32:29+00:00,2026-06-16T11:02:45+00:00,2026-06-18T00:32:29+00:00,cestledeuxieme,Quirky-Parenthesis
0x1602856ef17c9b838b2f2b941b9c628cd5eecbf7,1,target-market YES buyer,BOUGHT_TARGET_AND_FUTURE_MARKETS,2,1,10,1498.5,5990.6,7489.1,11,1,10,7489.1,2026-06-17T18:30:29+00:00,2026-06-17T22:18:55+00:00,2026-06-17T18:30:29+00:00,2026-06-17T22:18:55+00:00,takemymoney,Vacant-Freedom
0xc1265aa3d6f6c8315756bc46305f29c0f7a4832c,1,target-market YES buyer,BOUGHT_TARGET_MARKET_ONLY,1,6,0,7341.9507,0.0,7341.9507,6,6,0,7341.9507,2026-06-18T00:32:16+00:00,2026-06-18T00:32:22+00:00,2026-06-18T00:32:16+00:00,2026-06-18T00:32:22+00:00,ZhangMuZhisDaddy,Adept-Brick
0x631c2b93ff03c21d29b2b73af4ff965e88ea450f,1,target-market YES buyer,BOUGHT_TARGET_AND_FUTURE_MARKETS,2,7,1,973.9251,5419.09835,6393.02345,8,7,1,6393.023450000001,2026-06-17T07:56:41+00:00,2026-06-18T00:16:05+00:00,2026-06-17T07:56:41+00:00,2026-06-18T00:16:05+00:00,dube,Expensive-Thumb
0x45e1535c178dcafb136aec8b7058f2129b695934,1,target-market YES buyer,BOUGHT_TARGET_MARKET_ONLY,1,5,0,5624.9694,0.0,5624.9694,5,5,0,5624.9694,2026-06-17T21:21:19+00:00,2026-06-17T23:38:29+00:00,2026-06-17T21:21:19+00:00,2026-06-17T23:38:29+00:00,dex53,Taut-Sleet
0x1987733c8beae675c544752eafe437968efe6487,1,target-market YES buyer,BOUGHT_TARGET_AND_FUTURE_MARKETS,6,23,221,490.6089,3995.35075,4485.95965,244,23,221,4485.95965,2026-06-16T11:02:45+00:00,2026-06-18T00:32:29+00:00,2026-06-16T11:02:45+00:00,2026-06-18T00:32:29+00:00,jordan0073444,Illustrious-Attraction
0x71bd821b2c823cf67ed329abbb6a05d3ab9eac00,1,target-market YES buyer,BOUGHT_TARGET_AND_FUTURE_MARKETS,6,24,213,559.00044,3630.20773,4189.20817,237,24,213,4189.20817,2026-06-16T11:18:01+00:00,2026-06-18T00:32:29+00:00,2026-06-16T11:18:01+00:00,2026-06-18T00:32:29+00:00,jordannnnnnnn,Questionable-Carport
0x793ed200a1e8344d608a17763d9cb8773b3643bf,1,target-market YES buyer,BOUGHT_TARGET_AND_FUTURE_MARKETS,6,29,197,726.64263,3440.64223,4167.28486,226,29,197,4167.28486,2026-06-16T11:02:45+00:00,2026-06-18T00:32:29+00:00,2026-06-16T11:02:45+00:00,2026-06-18T00:32:29+00:00,Letradeuur,Well-Informed-Capon
0xe8278d22bef444ede84505b7c0ec4e4001305209,1,target-market YES buyer,BOUGHT_TARGET_MARKET_ONLY,1,1,0,3490.21629,0.0,3490.21629,1,1,0,3490.21629,2026-06-17T23:46:52+00:00,2026-06-17T23:46:52+00:00,2026-06-17T23:46:52+00:00,2026-06-17T23:46:52+00:00,Matthewceo,
0xb483d5718da4ac6f2aa39dc933f2043c5a3a0880,1,target-market YES buyer,BOUGHT_TARGET_AND_FUTURE_MARKETS,6,21,170,456.46308,2913.92664,3370.38972,191,21,170,3370.38972,2026-06-16T10:48:33+00:00,2026-06-18T00:32:29+00:00,2026-06-16T10:48:33+00:00,2026-06-18T00:32:29+00:00,Jordannnnnnn,Courteous-Leisure
0xc21ddd0c67c26a4fcd1fb2d0600c9d0affb60097,1,target-market YES buyer,BOUGHT_TARGET_MARKET_ONLY,1,1,0,3268.45,0.0,3268.45,1,1,0,3268.45,2026-06-17T23:45:31+00:00,2026-06-17T23:45:31+00:00,2026-06-17T23:45:31+00:00,2026-06-17T23:45:31+00:00,0xc21Ddd0c67C26a4fCd1fB2d0600c9d0AffB60097-1780892132129,Low-Underpass
0xa3c7c8c3c49427d840f7e62e46d202fae2a53e1f,1,target-market YES buyer,BOUGHT_TARGET_AND_FUTURE_MARKETS,6,25,161,591.45795,2478.00439,3069.46234,186,25,161,3069.46234,2026-06-16T10:48:34+00:00,2026-06-18T00:32:29+00:00,2026-06-16T10:48:34+00:00,2026-06-18T00:32:29+00:00,compteeeee6,Bold-Starboard
0x5ccf62ac8155e49bc7d021a1a66e9ef18f5579d7,1,target-market YES buyer,BOUGHT_TARGET_AND_FUTURE_MARKETS,3,1,13,2497.5,376.832266,2874.332266,1,1,0,2497.5,2026-06-17T23:51:20+00:00,2026-06-17T23:51:20+00:00,2026-05-09T00:25:26+00:00,2026-06-17T23:51:20+00:00,Cungly,Gorgeous-Coffin
0x5822b9376e50d576ef85e62be0f53434816f8774,1,target-market YES buyer,BOUGHT_TARGET_MARKET_ONLY,1,3,0,2339.76789,0.0,2339.76789,3,3,0,2339.76789,2026-06-17T21:21:19+00:00,2026-06-17T23:32:52+00:00,2026-06-17T21:21:19+00:00,2026-06-17T23:32:52+00:00,dex52,Unfortunate-Negligee
0x47b5c94d54cfc48f653c8a74ea516d52122113d0,1,target-market YES buyer,BOUGHT_TARGET_MARKET_ONLY,1,1,0,1953.43461,0.0,1953.43461,1,1,0,1953.43461,2026-06-17T21:25:32+00:00,2026-06-17T21:25:32+00:00,2026-06-17T21:25:32+00:00,2026-06-17T21:25:32+00:00,EnronLives,Pleasant-Expose
0x583582716cc49794789cacdf7aeffbdbd0b79404,1,target-market YES buyer,BOUGHT_TARGET_MARKET_ONLY,1,4,0,1466.74179,0.0,1466.74179,4,4,0,1466.74179,2026-06-17T22:09:37+00:00,2026-06-18T00:14:10+00:00,2026-06-17T22:09:37+00:00,2026-06-18T00:14:10+00:00,Montaigne,Small-Rib
0xa970632083b618e6f865fc3f3b711eb0210efd1c,1,target-market YES buyer,BOUGHT_TARGET_MARKET_ONLY,1,1,0,1288.71,0.0,1288.71,1,1,0,1288.71,2026-06-17T23:38:29+00:00,2026-06-17T23:38:29+00:00,2026-06-17T23:38:29+00:00,2026-06-17T23:38:29+00:00,jimmyMakeMoney,Determined-Resident
0xc21ea96be762bb55041529af6e386e7c53b80215,1,target-market YES buyer,BOUGHT_TARGET_MARKET_ONLY,1,1,0,999.0,0.0,999.0,1,1,0,999.0,2026-06-17T22:09:37+00:00,2026-06-17T22:09:37+00:00,2026-06-17T22:09:37+00:00,2026-06-17T22:09:37+00:00,JustCrazy,Low-Futon
0x2fa801da750904fc348ccb9315a0b892377d4359,1,target-market YES buyer,BOUGHT_TARGET_AND_FUTURE_MARKETS,7,5,20,320.7789,226.66939,547.44829,24,5,19,547.41739,2026-06-16T11:02:45+00:00,2026-06-18T00:28:05+00:00,2026-05-08T23:54:24+00:00,2026-06-18T00:28:05+00:00,g4z3ll3,Bare-Stag
0xa1b2fd05bfd26b1b5ebfa39959ea7e6dc93140ca,1,target-market YES buyer,BOUGHT_TARGET_MARKET_ONLY,1,1,0,528.471,0.0,528.471,1,1,0,528.471,2026-06-17T23:01:34+00:00,2026-06-17T23:01:34+00:00,2026-06-17T23:01:34+00:00,2026-06-17T23:01:34+00:00,-human-,Bitter-Windshield
0xb8a47d387beb9ec7fd4baaec05396e9677cea13b,1,target-market YES buyer,BOUGHT_TARGET_AND_FUTURE_MARKETS,6,3,19,246.96279,267.10905,514.07184,22,3,19,514.0718400000001,2026-06-17T07:53:02+00:00,2026-06-17T23:03:16+00:00,2026-06-17T07:53:02+00:00,2026-06-17T23:03:16+00:00,Slothtrop,Failing-Wedding
0x381b9294c1b95b61d018ff56312fbcc4897c4d74,1,target-market YES buyer,BOUGHT_TARGET_MARKET_ONLY,1,1,0,299.84985,0.0,299.84985,1,1,0,299.84985,2026-06-17T23:50:02+00:00,2026-06-17T23:50:02+00:00,2026-06-17T23:50:02+00:00,2026-06-17T23:50:02+00:00,hansama231,Heavy-Elevator-Surgery
0x648bad7080caa1a9931b2774b20e87eca75900ba,1,target-market YES buyer,BOUGHT_TARGET_AND_FUTURE_MARKETS,2,1,7,10.98,236.723839,247.703839,8,1,7,247.703839,2026-06-17T17:50:26+00:00,2026-06-18T00:23:58+00:00,2026-06-17T17:50:26+00:00,2026-06-18T00:23:58+00:00,Ox648bAD7080caA1a9931B2774B20e87ECa75900ba,Wooden-Cinema
0xcd33bf06b0931d91899f9e7914e6d1e57b83cf51,1,target-market YES buyer,BOUGHT_TARGET_MARKET_ONLY,1,1,0,113.19669,0.0,113.19669,1,1,0,113.19669,2026-06-17T23:53:46+00:00,2026-06-17T23:53:46+00:00,2026-06-17T23:53:46+00:00,2026-06-17T23:53:46+00:00,meowmers,Visible-Ornament
0xe90fe094286107ab146138930fb878869702131e,1,target-market YES buyer,BOUGHT_TARGET_AND_FUTURE_MARKETS,2,6,2,82.885032,2.33,85.215032,6,6,0,82.885032,2026-06-17T23:50:11+00:00,2026-06-17T23:51:04+00:00,2026-05-08T23:22:15+00:00,2026-06-17T23:51:04+00:00,G9vQK5Gcyx,Utter-Orient
0xed71bd667e3275a72040467827507385c94597c4,1,target-market YES buyer,BOUGHT_TARGET_MARKET_ONLY,1,7,0,78.40152,0.0,78.40152,7,7,0,78.40151999999999,2026-06-17T22:25:11+00:00,2026-06-18T00:25:40+00:00,2026-06-17T22:25:11+00:00,2026-06-18T00:25:40+00:00,,
0xb883a22a0fa91439c4ca14d726fc571745108c7d,1,target-market YES buyer,BOUGHT_TARGET_MARKET_ONLY,1,1,0,51.896,0.0,51.896,1,1,0,51.896,2026-06-17T23:45:31+00:00,2026-06-17T23:45:31+00:00,2026-06-17T23:45:31+00:00,2026-06-17T23:45:31+00:00,Radiant-Controller,
0xdb7182c004755d4ffb180ccb48414fa23a914a20,1,target-market YES buyer,BOUGHT_TARGET_MARKET_ONLY,1,1,0,49.95,0.0,49.95,1,1,0,49.95,2026-06-17T23:01:34+00:00,2026-06-17T23:01:34+00:00,2026-06-17T23:01:34+00:00,2026-06-17T23:01:34+00:00,0xd172a0f,Glossy-Incarnation
0xdbc45db6ba0618e6182109854e8d19a77b4f4347,1,target-market YES buyer,BOUGHT_TARGET_AND_FUTURE_MARKETS,2,6,5,40.248711,9.1,49.348711,6,6,0,40.248711,2026-06-17T23:50:08+00:00,2026-06-17T23:50:58+00:00,2026-05-08T23:22:06+00:00,2026-06-17T23:50:58+00:00,pollybott,Troubled-Lining
0x54498e4c40b17261479aeaeeddf9cc37bd46992b,1,target-market YES buyer,BOUGHT_TARGET_AND_FUTURE_MARKETS,3,6,9,7.498494,14.499994,21.998488,9,6,3,14.998488,2026-06-17T12:47:41+00:00,2026-06-17T23:50:59+00:00,2026-05-08T23:22:06+00:00,2026-06-17T23:50:59+00:00,,
0x122cdd9db64fd8dc3ebab813218e3effe21f821f,1,target-market YES buyer,BOUGHT_TARGET_MARKET_ONLY,1,1,0,19.98,0.0,19.98,1,1,0,19.98,2026-06-17T23:52:34+00:00,2026-06-17T23:52:34+00:00,2026-06-17T23:52:34+00:00,2026-06-17T23:52:34+00:00,okcoolstorybro,Motionless-Commonsense
0x4da9074e692d616114e5fc4ca0a78e7551443f5d,1,target-market YES buyer,BOUGHT_TARGET_MARKET_ONLY,1,3,0,14.999989,0.0,14.999989,3,3,0,14.999989,2026-06-17T23:45:32+00:00,2026-06-17T23:50:58+00:00,2026-06-17T23:45:32+00:00,2026-06-17T23:50:58+00:00,,
0xd49d7b8c89a7ac72b0d6e84f0690e423637fc12b,1,target-market YES buyer,BOUGHT_TARGET_MARKET_ONLY,1,3,0,11.459994,0.0,11.459994,3,3,0,11.459994,2026-06-18T00:24:23+00:00,2026-06-18T00:24:31+00:00,2026-06-18T00:24:23+00:00,2026-06-18T00:24:31+00:00,tigerdude,Strict-Geek
0x65649fc779c66dec9d2bb48edea367b06b6f47ce,1,target-market YES buyer,BOUGHT_TARGET_MARKET_ONLY,1,1,0,9.999998,0.0,9.999998,1,1,0,9.999998,2026-06-17T23:38:32+00:00,2026-06-17T23:38:32+00:00,2026-06-17T23:38:32+00:00,2026-06-17T23:38:32+00:00,q27n8hk3rnkr,Oblong-Essential
0x06cb73531a43553e31a8ad031026d4b33f1af47f,1,target-market YES buyer,BOUGHT_TARGET_MARKET_ONLY,1,2,0,9.898092,0.0,9.898092,2,2,0,9.898092,2026-06-17T23:50:38+00:00,2026-06-17T23:51:08+00:00,2026-06-17T23:50:38+00:00,2026-06-17T23:51:08+00:00,,
0xc70b6162e112e411986948a24b1bc259068fd2f2,1,target-market YES buyer,BOUGHT_TARGET_MARKET_ONLY,1,1,0,4.995,0.0,4.995,1,1,0,4.995,2026-06-17T23:50:04+00:00,2026-06-17T23:50:04+00:00,2026-06-17T23:50:04+00:00,2026-06-17T23:50:04+00:00,hieux04,Unlawful-Simvastatin-Collagen
0x0bc5aef547761739846f779f391747a9f9ec8b88,1,target-market YES buyer,BOUGHT_TARGET_MARKET_ONLY,1,2,0,2.129957,0.0,2.129957,2,2,0,2.129957,2026-06-17T21:21:20+00:00,2026-06-18T00:18:55+00:00,2026-06-17T21:21:20+00:00,2026-06-18T00:18:55+00:00,anhhtvaxl4wm,Blue-Nibble-Borrower
0xbeae9360957c3af4977972260bbb4539762ff5c0,1,target-market YES buyer,BOUGHT_TARGET_AND_FUTURE_MARKETS,2,1,1,0.999999,0.999999,1.999998,2,1,1,1.999998,2026-06-17T07:59:40+00:00,2026-06-18T00:21:22+00:00,2026-06-17T07:59:40+00:00,2026-06-18T00:21:22+00:00,,
0x3746d575f37f1208fd3e6d891bd5ec1a3214ffa1,1,target-market YES buyer,BOUGHT_TARGET_MARKET_ONLY,1,1,0,1.549998,0.0,1.549998,1,1,0,1.549998,2026-06-17T23:38:32+00:00,2026-06-17T23:38:32+00:00,2026-06-17T23:38:32+00:00,2026-06-17T23:38:32+00:00,i73ywwrz0afw,Graceful-Trunk
0xfeb62967b03452ab34a1d4cba0c8207037655f3a,1,target-market YES buyer,BOUGHT_TARGET_MARKET_ONLY,1,1,0,1.499998,0.0,1.499998,1,1,0,1.4999980000000002,2026-06-17T23:45:31+00:00,2026-06-17T23:45:31+00:00,2026-06-17T23:45:31+00:00,2026-06-17T23:45:31+00:00,,
0x6966d2f3a2e0727b0eaa180ba5b33dc645e053ed,1,target-market YES buyer,BOUGHT_TARGET_MARKET_ONLY,1,1,0,0.999999,0.0,0.999999,1,1,0,0.999999,2026-06-18T00:21:22+00:00,2026-06-18T00:21:22+00:00,2026-06-18T00:21:22+00:00,2026-06-18T00:21:22+00:00,,
0xbb4d7631ef55f069f28b5441c500f035deaed388,1,target-market YES buyer,BOUGHT_TARGET_MARKET_ONLY,1,1,0,0.999999,0.0,0.999999,1,1,0,0.999999,2026-06-17T23:40:01+00:00,2026-06-17T23:40:01+00:00,2026-06-17T23:40:01+00:00,2026-06-17T23:40:01+00:00,kimmy92,Palatable-Place
0xfa37e3a6b6a937d4dafcfabab4a415841a5eed37,1,target-market YES buyer,BOUGHT_TARGET_MARKET_ONLY,1,1,0,0.999999,0.0,0.999999,1,1,0,0.999999,2026-06-17T21:21:22+00:00,2026-06-17T21:21:22+00:00,2026-06-17T21:21:22+00:00,2026-06-17T21:21:22+00:00,,
0x3da75ea5afc87759de410bae48c7ee2d34c302e1,1,target-market YES buyer,BOUGHT_TARGET_MARKET_ONLY,1,1,0,0.999999,0.0,0.999999,1,1,0,0.999999,2026-06-17T21:21:22+00:00,2026-06-17T21:21:22+00:00,2026-06-17T21:21:22+00:00,2026-06-17T21:21:22+00:00,,
0xfc007e15e0da73525fd0d8e8e425df14a0820be0,2,future-only YES buyer with at least 25k notional exposure,BOUGHT_FUTURE_MARKETS_ONLY,3,0,43,0.0,97185.45726,97185.45726,43,0,43,97185.45726,2026-06-17T08:27:32+00:00,2026-06-17T10:55:26+00:00,2026-06-17T08:27:32+00:00,2026-06-17T10:55:26+00:00,germantony123,Sick-Approval-Newsletter
0x9ef582748baf671ee716075658b870ae747c5d4f,2,future-only YES buyer with at least 25k notional exposure,BOUGHT_FUTURE_MARKETS_ONLY,2,0,18,0.0,93266.64,93266.64,18,0,18,93266.63999999998,2026-06-17T08:35:50+00:00,2026-06-17T15:13:17+00:00,2026-06-17T08:35:50+00:00,2026-06-17T15:13:17+00:00,ULYSSES18,Meaty-Place
0xd5ccdf772f795547e299de57f47966e24de8dea4,2,future-only YES buyer with at least 25k notional exposure,BOUGHT_FUTURE_MARKETS_ONLY,1,0,1,0.0,83689.86363,83689.86363,1,0,1,83689.86362999999,2026-06-17T07:59:29+00:00,2026-06-17T07:59:29+00:00,2026-06-17T07:59:29+00:00,2026-06-17T07:59:29+00:00,tsybka,Terrific-Battleship
0x6ede3d5fa80c7035e151229d3ce8f303950f97a2,2,future-only YES buyer with at least 25k notional exposure,BOUGHT_FUTURE_MARKETS_ONLY,2,0,18,0.0,82048.12743,82048.12743,18,0,18,82048.12743,2026-06-15T23:34:00+00:00,2026-06-16T15:08:38+00:00,2026-06-15T23:34:00+00:00,2026-06-16T15:08:38+00:00,0x6EDe3D5Fa80c7035e151229d3CE8f303950f97a2-1777795772014,Bite-Sized-Princess
0x95074f700f93bdf6e62fc965e0832064c0877b04,2,future-only YES buyer with at least 25k notional exposure,BOUGHT_FUTURE_MARKETS_ONLY,2,0,25,0.0,76553.11384,76553.11384,25,0,25,76553.11384,2026-06-15T18:26:49+00:00,2026-06-16T16:50:14+00:00,2026-06-15T18:26:49+00:00,2026-06-16T16:50:14+00:00,95074f700f93bdf6e62fc965e0832064c0877b04,Compassionate-Kneejerk
0x1dd46abe1feff9501b1a335b67baf0b2bbfda4ad,2,future-only YES buyer with at least 25k notional exposure,BOUGHT_FUTURE_MARKETS_ONLY,1,0,5,0.0,74774.993353,74774.993353,5,0,5,74774.993353,2026-06-17T18:43:55+00:00,2026-06-17T18:50:16+00:00,2026-06-17T18:43:55+00:00,2026-06-17T18:50:16+00:00,thebluegem,Yearly-Void
0xd1c769317bd15de7768a70d0214cf0bbcc531d2b,2,future-only YES buyer with at least 25k notional exposure,BOUGHT_FUTURE_MARKETS_ONLY,2,0,10,0.0,58828.01038,58828.01038,10,0,10,58828.01038,2026-06-17T07:58:19+00:00,2026-06-17T17:28:02+00:00,2026-06-17T07:58:19+00:00,2026-06-17T17:28:02+00:00,033033033,Shocked-Anagram
0x47ab026767cc320ac6e62f6ec747d59cf4d795df,2,future-only YES buyer with at least 25k notional exposure,BOUGHT_FUTURE_MARKETS_ONLY,4,0,28,0.0,56329.276956,56329.276956,28,0,28,56329.276956,2026-06-15T20:06:19+00:00,2026-06-17T19:15:59+00:00,2026-06-15T20:06:19+00:00,2026-06-17T19:15:59+00:00,bosshog,Forsaken-Outhouse
0x99bd7971cc56bbf3886bec226ddbf61752993d62,2,future-only YES buyer with at least 25k notional exposure,BOUGHT_FUTURE_MARKETS_ONLY,2,0,45,0.0,55587.82156,55587.82156,45,0,45,55587.821560000004,2026-06-17T08:27:35+00:00,2026-06-17T19:25:38+00:00,2026-06-17T08:27:35+00:00,2026-06-17T19:25:38+00:00,Anonsii,Pastel-Doorbell
0x6049761986af66cd8e78997c940766bd69c7f14f,2,future-only YES buyer with at least 25k notional exposure,BOUGHT_FUTURE_MARKETS_ONLY,3,0,27,0.0,55226.43828,55226.43828,27,0,27,55226.43828,2026-06-17T16:23:43+00:00,2026-06-17T16:35:58+00:00,2026-06-17T16:23:43+00:00,2026-06-17T16:35:58+00:00,shcc,Wet-Trim
0xdd0a22a520624502c92c8b5138ad70669ca2c642,2,future-only YES buyer with at least 25k notional exposure,BOUGHT_FUTURE_MARKETS_ONLY,1,0,1,0.0,48179.08782,48179.08782,1,0,1,48179.08782,2026-06-17T18:56:58+00:00,2026-06-17T18:56:58+00:00,2026-06-17T18:56:58+00:00,2026-06-17T18:56:58+00:00,FedFan,Worrisome-God
0xfcbe0acc4eb7e57831eb405f9dd97d1f149a60bc,2,future-only YES buyer with at least 25k notional exposure,BOUGHT_FUTURE_MARKETS_ONLY,1,0,11,0.0,39960.0,39960.0,11,0,11,39960.0,2026-06-17T15:37:19+00:00,2026-06-17T16:35:58+00:00,2026-06-17T15:37:19+00:00,2026-06-17T16:35:58+00:00,niqqaping,Plush-Owl
0x48185887c8dc95de60ee89722f1d0ee7894cbf0b,2,future-only YES buyer with at least 25k notional exposure,BOUGHT_FUTURE_MARKETS_ONLY,3,0,23,0.0,36753.7095,36753.7095,23,0,23,36753.7095,2026-06-17T03:09:01+00:00,2026-06-17T07:50:49+00:00,2026-06-17T03:09:01+00:00,2026-06-17T07:50:49+00:00,Liquidifier,Empty-Addiction
0x33ab58e55895f39619815d31dfc92d90d65f9523,2,future-only YES buyer with at least 25k notional exposure,BOUGHT_FUTURE_MARKETS_ONLY,1,0,11,0.0,34965.0,34965.0,11,0,11,34965.0,2026-06-17T16:34:08+00:00,2026-06-18T00:28:10+00:00,2026-06-17T16:34:08+00:00,2026-06-18T00:28:10+00:00,matchamission,Insecure-Catalyst
0x828d1dc3586d7aacbc8de4916685690b1453c9a5,2,future-only YES buyer with at least 25k notional exposure,BOUGHT_FUTURE_MARKETS_ONLY,1,0,8,0.0,31968.0,31968.0,8,0,8,31968.0,2026-06-17T15:45:56+00:00,2026-06-17T15:58:47+00:00,2026-06-17T15:45:56+00:00,2026-06-17T15:58:47+00:00,kobie3,Blue-Bagpipe
0x9ad091ca2e8f1bd69f27662edcb49dceeaa5bf3d,2,future-only YES buyer with at least 25k notional exposure,BOUGHT_FUTURE_MARKETS_ONLY,6,0,73,0.0,31877.913058,31877.913058,57,0,57,31785.524557,2026-06-16T02:41:03+00:00,2026-06-17T07:59:29+00:00,2026-04-24T14:24:08+00:00,2026-06-17T07:59:29+00:00,PaddyAlpha,Kaleidoscopic-Hemisphere
0x4a1a27c4af018a874e97e551410953cb29e70208,2,future-only YES buyer with at least 25k notional exposure,BOUGHT_FUTURE_MARKETS_ONLY,1,0,5,0.0,30117.61224,30117.61224,5,0,5,30117.612240000002,2026-06-17T15:11:52+00:00,2026-06-17T15:31:58+00:00,2026-06-17T15:11:52+00:00,2026-06-17T15:31:58+00:00,,
0xde7be6d489bce070a959e0cb813128ae659b5f4b,2,future-only YES buyer with at least 25k notional exposure,BOUGHT_FUTURE_MARKETS_ONLY,2,0,9,0.0,28479.73666,28479.73666,8,0,8,28384.09804,2026-06-17T18:17:46+00:00,2026-06-17T18:33:47+00:00,2026-05-09T00:25:08+00:00,2026-06-17T18:33:47+00:00,wan123,True-Grandparent
0x17ec5f15430ef9c396556c421f7b549b78c031b1,3,future-only YES buyer with at least 5k notional exposure,BOUGHT_FUTURE_MARKETS_ONLY,1,0,1,0.0,24819.84084,24819.84084,1,0,1,24819.84084,2026-06-17T01:01:35+00:00,2026-06-17T01:01:35+00:00,2026-06-17T01:01:35+00:00,2026-06-17T01:01:35+00:00,w271,Animated-Clue
0x847667d84fc4d81db36689c4f4c5845c8d125418,3,future-only YES buyer with at least 5k notional exposure,BOUGHT_FUTURE_MARKETS_ONLY,1,0,1,0.0,22110.89,22110.89,1,0,1,22110.89,2026-06-17T07:56:41+00:00,2026-06-17T07:56:41+00:00,2026-06-17T07:56:41+00:00,2026-06-17T07:56:41+00:00,DonationsReceiver,Feminine-Crusader
0xa91edabae0eae478c830a6d5dfd3acc0571709e0,3,future-only YES buyer with at least 5k notional exposure,BOUGHT_FUTURE_MARKETS_ONLY,1,0,67,0.0,21197.309472,21197.309472,67,0,67,21197.309472,2026-06-16T10:48:37+00:00,2026-06-16T23:36:19+00:00,2026-06-16T10:48:37+00:00,2026-06-16T23:36:19+00:00,enri.hl,Tough-Conscience
0xd52b8dcb4b812c4056faf41164a6f6c73f4c5c72,3,future-only YES buyer with at least 5k notional exposure,BOUGHT_FUTURE_MARKETS_ONLY,3,0,3,0.0,19940.02999,19940.02999,3,0,3,19940.029990000003,2026-06-17T02:21:27+00:00,2026-06-17T18:50:43+00:00,2026-06-17T02:21:27+00:00,2026-06-17T18:50:43+00:00,TBill1,Natural-Gear
0x8c2f71eb241d65b3806239501f1a501af2fe1a88,3,future-only YES buyer with at least 5k notional exposure,BOUGHT_FUTURE_MARKETS_ONLY,1,0,2,0.0,18778.45148,18778.45148,2,0,2,18778.45148,2026-06-17T18:46:32+00:00,2026-06-17T18:50:38+00:00,2026-06-17T18:46:32+00:00,2026-06-17T18:50:38+00:00,basedd,Cavernous-Zipper
0xbad26fe5458e6219cec3e40272760e275e835296,3,future-only YES buyer with at least 5k notional exposure,BOUGHT_FUTURE_MARKETS_ONLY,4,0,12,0.0,17176.69169,17176.69169,9,0,9,17122.80669,2026-06-17T01:32:16+00:00,2026-06-17T17:40:26+00:00,2026-06-01T00:05:59+00:00,2026-06-17T17:40:26+00:00,cocococococo,Lean-Attraction
0xc294089cb84fea08126227c7626ee9408fd84798,3,future-only YES buyer with at least 5k notional exposure,BOUGHT_FUTURE_MARKETS_ONLY,1,0,17,0.0,16565.50586,16565.50586,17,0,17,16565.50586,2026-06-15T19:01:58+00:00,2026-06-15T21:56:55+00:00,2026-06-15T19:01:58+00:00,2026-06-15T21:56:55+00:00,QuadrupleDouble,Innocent-Shallows
0x0c0e270cf879583d6a0142fc817e05b768d0434e,3,future-only YES buyer with at least 5k notional exposure,BOUGHT_FUTURE_MARKETS_ONLY,1,0,1,0.0,15653.66769,15653.66769,1,0,1,15653.66769,2026-06-16T17:14:55+00:00,2026-06-16T17:14:55+00:00,2026-06-16T17:14:55+00:00,2026-06-16T17:14:55+00:00,The Spirit of Ukraine>UMA,Impassioned-Watch
0xb2e06ace9893458a23b05ad396be3ad3fced936a,3,future-only YES buyer with at least 5k notional exposure,BOUGHT_FUTURE_MARKETS_ONLY,3,0,15,0.0,14985.0,14985.0,15,0,15,14985.0,2026-06-17T13:31:05+00:00,2026-06-17T14:32:32+00:00,2026-06-17T13:31:05+00:00,2026-06-17T14:32:32+00:00,HadDream,Fruitful-Presume
0xc8ab97a9089a9ff7e6ef0688e6e591a066946418,3,future-only YES buyer with at least 5k notional exposure,BOUGHT_FUTURE_MARKETS_ONLY,2,0,6,0.0,13380.764361,13380.764361,5,0,5,13345.764361,2026-06-15T20:06:19+00:00,2026-06-16T00:45:01+00:00,2026-05-23T04:03:57+00:00,2026-06-16T00:45:01+00:00,ArmageddonRewardsBilly,Hideous-Racer
0x4aba0523aa3a023d18dc6eebcdb483e79e0b9e7c,3,future-only YES buyer with at least 5k notional exposure,BOUGHT_FUTURE_MARKETS_ONLY,3,0,8,0.0,11358.910149,11358.910149,8,0,8,11358.910149,2026-06-17T11:09:10+00:00,2026-06-17T18:23:32+00:00,2026-06-17T11:09:10+00:00,2026-06-17T18:23:32+00:00,loser124,Unlined-Haversack
0x448861155279dbf833d041b963e3ac854599e319,3,future-only YES buyer with at least 5k notional exposure,BOUGHT_FUTURE_MARKETS_ONLY,2,0,16,0.0,10259.93337,10259.93337,16,0,16,10259.93337,2026-06-16T12:28:19+00:00,2026-06-17T18:13:23+00:00,2026-06-16T12:28:19+00:00,2026-06-17T18:13:23+00:00,Flipadelphia,
0xbd81954a4ebce3a843feb3fc6ebf439cf1c6006d,3,future-only YES buyer with at least 5k notional exposure,BOUGHT_FUTURE_MARKETS_ONLY,1,0,1,0.0,10169.82,10169.82,1,0,1,10169.82,2026-06-17T19:44:04+00:00,2026-06-17T19:44:04+00:00,2026-06-17T19:44:04+00:00,2026-06-17T19:44:04+00:00,2Sherlock,Forceful-Bargain
0x8f41129e43ebfbfe6075d0804f3b2bb763b3260e,3,future-only YES buyer with at least 5k notional exposure,BOUGHT_FUTURE_MARKETS_ONLY,3,0,18,0.0,10067.396165,10067.396165,18,0,18,10067.396165,2026-06-16T11:42:03+00:00,2026-06-17T18:37:34+00:00,2026-06-16T11:42:03+00:00,2026-06-17T18:37:34+00:00,300PS,Sparse-Celsius
0x60a92c8620846d81f5ea17b0564e0d4b7c545a71,3,future-only YES buyer with at least 5k notional exposure,BOUGHT_FUTURE_MARKETS_ONLY,1,0,1,0.0,9999.99992,9999.99992,1,0,1,9999.99992,2026-06-17T18:40:32+00:00,2026-06-17T18:40:32+00:00,2026-06-17T18:40:32+00:00,2026-06-17T18:40:32+00:00,paddaa,Fearful-Congress
0x4c2966a198cd7ac982110d0219b037afa9997570,3,future-only YES buyer with at least 5k notional exposure,BOUGHT_FUTURE_MARKETS_ONLY,1,0,1,0.0,9990.0,9990.0,1,0,1,9990.0,2026-06-17T17:17:49+00:00,2026-06-17T17:17:49+00:00,2026-06-17T17:17:49+00:00,2026-06-17T17:17:49+00:00,,
0xd25b8718f61fb64a754356ad8cf16b5579f59f3d,3,future-only YES buyer with at least 5k notional exposure,BOUGHT_FUTURE_MARKETS_ONLY,1,0,1,0.0,9990.0,9990.0,1,0,1,9990.0,2026-06-17T16:42:43+00:00,2026-06-17T16:42:43+00:00,2026-06-17T16:42:43+00:00,2026-06-17T16:42:43+00:00,OraculumNobius,Sudden-Snowstorm
0xc02147dee42356b7a4edbb1c35ac4ffa95f61fa8,3,future-only YES buyer with at least 5k notional exposure,BOUGHT_FUTURE_MARKETS_ONLY,1,0,10,0.0,9990.0,9990.0,10,0,10,9990.0,2026-06-17T13:50:43+00:00,2026-06-17T23:00:31+00:00,2026-06-17T13:50:43+00:00,2026-06-17T23:00:31+00:00,Eatpraylove,
0x45bc74efa620b45c02308acaecdff1f7c06f978b,3,future-only YES buyer with at least 5k notional exposure,BOUGHT_FUTURE_MARKETS_ONLY,1,0,1,0.0,9970.0,9970.0,1,0,1,9970.0,2026-06-17T07:59:29+00:00,2026-06-17T07:59:29+00:00,2026-06-17T07:59:29+00:00,2026-06-17T07:59:29+00:00,poorersob,Crooked-Tabernacle
0x2c093796d15562444d81d68142b6f0b9fb73a2e7,3,future-only YES buyer with at least 5k notional exposure,BOUGHT_FUTURE_MARKETS_ONLY,1,0,8,0.0,9830.16,9830.16,8,0,8,9830.16,2026-06-17T08:52:38+00:00,2026-06-17T08:56:05+00:00,2026-06-17T08:52:38+00:00,2026-06-17T08:56:05+00:00,tuho,Boring-Stitch
0x0f0c11f59a586fb452f7fbd402d04ee8aaf4fb96,3,future-only YES buyer with at least 5k notional exposure,BOUGHT_FUTURE_MARKETS_ONLY,2,0,2,0.0,9516.74373,9516.74373,2,0,2,9516.743730000002,2026-06-17T14:49:49+00:00,2026-06-17T14:49:58+00:00,2026-06-17T14:49:49+00:00,2026-06-17T14:49:58+00:00,Mythrust,Dismal-Coliseum
0x7f6df986b69769665b41335c42d34caa154035ae,3,future-only YES buyer with at least 5k notional exposure,BOUGHT_FUTURE_MARKETS_ONLY,1,0,1,0.0,9190.8,9190.8,1,0,1,9190.8,2026-06-17T07:59:29+00:00,2026-06-17T07:59:29+00:00,2026-06-17T07:59:29+00:00,2026-06-17T07:59:29+00:00,opolon,Well-To-Do-Cameo
0xa4b366ad22fc0d06f1e934ff468e8922431a87b8,3,future-only YES buyer with at least 5k notional exposure,BOUGHT_FUTURE_MARKETS_ONLY,2,0,2,0.0,8535.41604,8535.41604,2,0,2,8535.41604,2026-06-17T15:09:29+00:00,2026-06-17T15:09:35+00:00,2026-06-17T15:09:29+00:00,2026-06-17T15:09:35+00:00,HolyMoses7,Queasy-Cougar
0xa8c63f775ddbbe66b56614191747def3021444e8,3,future-only YES buyer with at least 5k notional exposure,BOUGHT_FUTURE_MARKETS_ONLY,1,0,11,0.0,7998.493386,7998.493386,11,0,11,7998.493386,2026-06-15T18:27:22+00:00,2026-06-17T07:56:41+00:00,2026-06-15T18:27:22+00:00,2026-06-17T07:56:41+00:00,Tenebrus7,Natural-Vacation
0x91aab8d0ae5c7dde7d9ea7ca49aeb985e09819b8,3,future-only YES buyer with at least 5k notional exposure,BOUGHT_FUTURE_MARKETS_ONLY,1,0,2,0.0,6993.94408,6993.94408,2,0,2,6993.94408,2026-06-17T18:30:31+00:00,2026-06-17T18:31:23+00:00,2026-06-17T18:30:31+00:00,2026-06-17T18:31:23+00:00,0x4tngfdi43gjdgvji,Inferior-Fry
0xc757850237e266d3b08d16b8455777a88590ccfc,3,future-only YES buyer with at least 5k notional exposure,BOUGHT_FUTURE_MARKETS_ONLY,1,0,1,0.0,6678.25095,6678.25095,1,0,1,6678.250950000001,2026-06-16T11:07:52+00:00,2026-06-16T11:07:52+00:00,2026-06-16T11:07:52+00:00,2026-06-16T11:07:52+00:00,tianjiyuyunzhilu,Thin-Tiara
0xf0ed9e68e6cd3ee712260abeaec32de56a7d47d8,3,future-only YES buyer with at least 5k notional exposure,BOUGHT_FUTURE_MARKETS_ONLY,1,0,1,0.0,5995.94408,5995.94408,1,0,1,5995.94408,2026-06-17T18:39:50+00:00,2026-06-17T18:39:50+00:00,2026-06-17T18:39:50+00:00,2026-06-17T18:39:50+00:00,LinaBell,Uniform-Botany
0xb528a976ca7d476602f8040c3d1a49e5145a5039,3,future-only YES buyer with at least 5k notional exposure,BOUGHT_FUTURE_MARKETS_ONLY,1,0,1,0.0,5971.999998,5971.999998,1,0,1,5971.999998,2026-06-17T17:14:04+00:00,2026-06-17T17:14:04+00:00,2026-06-17T17:14:04+00:00,2026-06-17T17:14:04+00:00,HelloKitty333,Majestic-Motion
0x3fc9891920d7a44873c859b6a43baf691ee9e6ea,3,future-only YES buyer with at least 5k notional exposure,BOUGHT_FUTURE_MARKETS_ONLY,1,0,12,0.0,5438.16294,5438.16294,12,0,12,5438.16294,2026-06-16T00:26:33+00:00,2026-06-16T06:53:33+00:00,2026-06-16T00:26:33+00:00,2026-06-16T06:53:33+00:00,FallingStars,Puzzling-Journalism
0xa14dd15a484098b6b15e01891319f708ab1ffcec,3,future-only YES buyer with at least 5k notional exposure,BOUGHT_FUTURE_MARKETS_ONLY,3,0,6,0.0,5283.8,5283.8,6,0,6,5283.8,2026-06-16T13:47:43+00:00,2026-06-17T23:06:02+00:00,2026-06-16T13:47:43+00:00,2026-06-17T23:06:02+00:00,DusanKent,Foolish-Clipper
0xa48e29c2bd8b5299dfe8e65330976594ec7db476,4,lower-notional future-only YES buyer,BOUGHT_FUTURE_MARKETS_ONLY,1,0,1,0.0,4999.999999,4999.999999,1,0,1,4999.999999,2026-06-17T17:42:07+00:00,2026-06-17T17:42:07+00:00,2026-06-17T17:42:07+00:00,2026-06-17T17:42:07+00:00,deepmouse,Rotten-Stencil
0x9ab8d6df7b6c973b820a2a5ffab54732683ae9e9,4,lower-notional future-only YES buyer,BOUGHT_FUTURE_MARKETS_ONLY,1,0,1,0.0,4997.984,4997.984,1,0,1,4997.984,2026-06-17T18:52:43+00:00,2026-06-17T18:52:43+00:00,2026-06-17T18:52:43+00:00,2026-06-17T18:52:43+00:00,0x9AB8D6dF7b6c973b820A2a5fFAb54732683ae9E9-1780703901470,Bountiful-Alpha
0x72a22d4d155079da8f50c89d4c6c03b6428e7b65,4,lower-notional future-only YES buyer,BOUGHT_FUTURE_MARKETS_ONLY,1,0,1,0.0,4995.0,4995.0,1,0,1,4995.0,2026-06-17T11:06:07+00:00,2026-06-17T11:06:07+00:00,2026-06-17T11:06:07+00:00,2026-06-17T11:06:07+00:00,meowtai,Gullible-Grassland
0x35bbbad2415fe5e39b12da9a316cdc80b022009b,4,lower-notional future-only YES buyer,BOUGHT_FUTURE_MARKETS_ONLY,1,0,14,0.0,4990.0,4990.0,14,0,14,4990.0,2026-06-17T09:02:37+00:00,2026-06-17T10:26:02+00:00,2026-06-17T09:02:37+00:00,2026-06-17T10:26:02+00:00,MisTKy,Grounded-Depression
0xd8d5289c35124b5353f5a10a28b8cc29aec38935,4,lower-notional future-only YES buyer,BOUGHT_FUTURE_MARKETS_ONLY,2,0,5,0.0,4975.99265,4975.99265,5,0,5,4975.99265,2026-06-15T19:24:37+00:00,2026-06-17T12:34:50+00:00,2026-06-15T19:24:37+00:00,2026-06-17T12:34:50+00:00,D8D5289c35124b5353f5A10A28B8cC29aEC38935,Wilted-Burden-Survivor
0xb939edfcee10bfb12dd13603be79862cf94e9c42,4,lower-notional future-only YES buyer,BOUGHT_FUTURE_MARKETS_ONLY,1,0,57,0.0,4799.22608,4799.22608,57,0,57,4799.22608,2026-06-15T17:52:51+00:00,2026-06-16T06:52:04+00:00,2026-06-15T17:52:51+00:00,2026-06-16T06:52:04+00:00,prestigeworldwide,Worthy-Sunlamp
0x5f0da37f1b8c14afee49c83a540fe10bdae5c118,4,lower-notional future-only YES buyer,BOUGHT_FUTURE_MARKETS_ONLY,1,0,10,0.0,4751.999955,4751.999955,10,0,10,4751.999955,2026-06-16T12:40:27+00:00,2026-06-16T13:01:51+00:00,2026-06-16T12:40:27+00:00,2026-06-16T13:01:51+00:00,hatice,Outgoing-Scrim
0x222f579dd5391bde6e204ea105bf7ae2f8838271,4,lower-notional future-only YES buyer,BOUGHT_FUTURE_MARKETS_ONLY,1,0,3,0.0,4651.8067,4651.8067,3,0,3,4651.8067,2026-06-16T11:24:55+00:00,2026-06-16T12:22:00+00:00,2026-06-16T11:24:55+00:00,2026-06-16T12:22:00+00:00,DownInNO,Sore-Descendant
0xbe74297ff19030f104ce1d538709f43b30eca70e,4,lower-notional future-only YES buyer,BOUGHT_FUTURE_MARKETS_ONLY,3,0,8,0.0,4483.42,4483.42,8,0,8,4483.42,2026-06-17T19:13:53+00:00,2026-06-17T19:52:02+00:00,2026-06-17T19:13:53+00:00,2026-06-17T19:52:02+00:00,title1,Angelic-Craw
0x9a3fa403a6666eef75f92f181fcf13f9c051914a,4,lower-notional future-only YES buyer,BOUGHT_FUTURE_MARKETS_ONLY,1,0,1,0.0,4362.18345,4362.18345,1,0,1,4362.18345,2026-06-17T23:50:08+00:00,2026-06-17T23:50:08+00:00,2026-06-17T23:50:08+00:00,2026-06-17T23:50:08+00:00,Rex416,
0xbd0477e08d82d35a855ff19644a88a9213d8fbb0,4,lower-notional future-only YES buyer,BOUGHT_FUTURE_MARKETS_ONLY,2,0,4,0.0,4360.20495,4360.20495,2,0,2,4094.1274000000003,2026-06-16T05:52:27+00:00,2026-06-16T06:23:58+00:00,2026-05-22T23:04:50+00:00,2026-06-16T06:23:58+00:00,yuhyuhyuhy352352,Tan-Server
0x614dc8d3542c12103d2c6a3553fd761e391d1546,4,lower-notional future-only YES buyer,BOUGHT_FUTURE_MARKETS_ONLY,1,0,4,0.0,3698.667276,3698.667276,4,0,4,3698.667276,2026-06-17T18:02:50+00:00,2026-06-17T18:03:34+00:00,2026-06-17T18:02:50+00:00,2026-06-17T18:03:34+00:00,mr.ozi,Determined-Valuable
0x9c9e37ce7b45db5042612e716d582bdf55381a30,4,lower-notional future-only YES buyer,BOUGHT_FUTURE_MARKETS_ONLY,1,0,1,0.0,3696.3,3696.3,1,0,1,3696.3,2026-06-17T12:34:50+00:00,2026-06-17T12:34:50+00:00,2026-06-17T12:34:50+00:00,2026-06-17T12:34:50+00:00,prodik,Instructive-Gumshoe
0x396f35c4d4f84c0a6c5f3b13e40e1de550367f78,4,lower-notional future-only YES buyer,BOUGHT_FUTURE_MARKETS_ONLY,1,0,1,0.0,3529.467,3529.467,1,0,1,3529.467,2026-06-17T17:42:37+00:00,2026-06-17T17:42:37+00:00,2026-06-17T17:42:37+00:00,2026-06-17T17:42:37+00:00,lranon2nd,Nutritious-Blame
0x7ecf67bbaac3ca4eb129d06252d9363cfaec1f5c,4,lower-notional future-only YES buyer,BOUGHT_FUTURE_MARKETS_ONLY,1,0,1,0.0,3472.042,3472.042,1,0,1,3472.042,2026-06-17T18:53:29+00:00,2026-06-17T18:53:29+00:00,2026-06-17T18:53:29+00:00,2026-06-17T18:53:29+00:00,0x7eCf67BBaaC3ca4Eb129d06252D9363CFaEC1f5C-1780703717027,Overdue-Coupon-Fit
0xf2088ef95f5c1c0eee2640e8da537d6a1c175eef,4,lower-notional future-only YES buyer,BOUGHT_FUTURE_MARKETS_ONLY,2,0,2,0.0,3187.61919,3187.61919,2,0,2,3187.6191900000003,2026-06-17T16:54:28+00:00,2026-06-17T16:54:50+00:00,2026-06-17T16:54:28+00:00,2026-06-17T16:54:50+00:00,richsmith,Paltry-Particular
0xcd9607c4a676b7815f10bb8bc25355414e47cbdc,4,lower-notional future-only YES buyer,BOUGHT_FUTURE_MARKETS_ONLY,1,0,7,0.0,3089.62044,3089.62044,7,0,7,3089.6204399999997,2026-06-15T19:44:03+00:00,2026-06-16T03:00:36+00:00,2026-06-15T19:44:03+00:00,2026-06-16T03:00:36+00:00,Artaius,Loyal-Speakerphone
0xf01ac1aa9fef8eabc5e3c764747aabddaa90f231,4,lower-notional future-only YES buyer,BOUGHT_FUTURE_MARKETS_ONLY,1,0,3,0.0,3052.944,3052.944,3,0,3,3052.944,2026-06-17T03:01:01+00:00,2026-06-17T13:22:49+00:00,2026-06-17T03:01:01+00:00,2026-06-17T13:22:49+00:00,SubashChandraBose,Timely-Photo
0xfaa55858f098040003978c3615a086cdd0cd7cc9,4,lower-notional future-only YES buyer,BOUGHT_FUTURE_MARKETS_ONLY,1,0,6,0.0,2972.973573,2972.973573,6,0,6,2972.973573,2026-06-16T03:44:33+00:00,2026-06-16T04:09:31+00:00,2026-06-16T03:44:33+00:00,2026-06-16T04:09:31+00:00,PLfarmer,Clueless-Trash
0x8f7bb1d97c28278e28943b8481f1a1651605154b,4,lower-notional future-only YES buyer,BOUGHT_FUTURE_MARKETS_ONLY,1,0,4,0.0,2905.1413,2905.1413,4,0,4,2905.1413000000002,2026-06-16T22:02:13+00:00,2026-06-16T23:03:47+00:00,2026-06-16T22:02:13+00:00,2026-06-16T23:03:47+00:00,futuremultimillionaire,Faint-Paste
0x47cc805eaea5959bfdaa016304ba4261bbea2fff,4,lower-notional future-only YES buyer,BOUGHT_FUTURE_MARKETS_ONLY,1,0,1,0.0,2778.432,2778.432,1,0,1,2778.432,2026-06-17T18:54:05+00:00,2026-06-17T18:54:05+00:00,2026-06-17T18:54:05+00:00,2026-06-17T18:54:05+00:00,0x47Cc805EAea5959BFdaa016304BA4261BbEA2Fff-1780703184875,Awful-Hassock
0xd6ddc6559313bcc819f1df1b3647f3930da998ee,4,lower-notional future-only YES buyer,BOUGHT_FUTURE_MARKETS_ONLY,1,0,15,0.0,2759.79758,2759.79758,15,0,15,2759.79758,2026-06-15T17:57:31+00:00,2026-06-15T22:35:19+00:00,2026-06-15T17:57:31+00:00,2026-06-15T22:35:19+00:00,juisloa,Limited-Seep
0xebb7d9e2359e152e27f367a291ea2ac5b7df4736,4,lower-notional future-only YES buyer,BOUGHT_FUTURE_MARKETS_ONLY,1,0,2,0.0,2488.990519,2488.990519,2,0,2,2488.990519,2026-06-17T09:18:01+00:00,2026-06-17T09:18:37+00:00,2026-06-17T09:18:01+00:00,2026-06-17T09:18:37+00:00,MaduroPeace,Positive-Wrong-Prejudice
0x265974800ecc76b67a6abe4b205aa6ba5876a631,4,lower-notional future-only YES buyer,BOUGHT_FUTURE_MARKETS_ONLY,3,0,12,0.0,2435.998368,2435.998368,12,0,12,2435.998368,2026-06-16T12:38:30+00:00,2026-06-17T19:24:07+00:00,2026-06-16T12:38:30+00:00,2026-06-17T19:24:07+00:00,engin02,Verifiable-Serial
0x606ffc68a29ebf92f9dc1d041fec5d0127571083,4,lower-notional future-only YES buyer,BOUGHT_FUTURE_MARKETS_ONLY,1,0,1,0.0,2417.58,2417.58,1,0,1,2417.58,2026-06-17T11:21:47+00:00,2026-06-17T11:21:47+00:00,2026-06-17T11:21:47+00:00,2026-06-17T11:21:47+00:00,SleeperHunter,Dreary-Arena
0x0712c54d501c197913c324666b23139643b8fab9,4,lower-notional future-only YES buyer,BOUGHT_FUTURE_MARKETS_ONLY,1,0,6,0.0,2390.4,2390.4,6,0,6,2390.4,2026-06-16T12:56:28+00:00,2026-06-16T13:00:42+00:00,2026-06-16T12:56:28+00:00,2026-06-16T13:00:42+00:00,ugodda,Animated-Trafficker
0xcdb1f1ef8213c06911e4ba6a884176c5571e276c,4,lower-notional future-only YES buyer,BOUGHT_FUTURE_MARKETS_ONLY,2,0,6,0.0,2325.11577,2325.11577,6,0,6,2325.11577,2026-06-16T08:56:39+00:00,2026-06-17T23:30:46+00:00,2026-06-16T08:56:39+00:00,2026-06-17T23:30:46+00:00,Ahpo,Nice-Perennial
0x0e81567c05eb9cbbb220d9dfa5b54b79fa0954bf,4,lower-notional future-only YES buyer,BOUGHT_FUTURE_MARKETS_ONLY,1,0,1,0.0,2259.999998,2259.999998,1,0,1,2259.999998,2026-06-16T22:56:04+00:00,2026-06-16T22:56:04+00:00,2026-06-16T22:56:04+00:00,2026-06-16T22:56:04+00:00,rittterditter,Passionate-Folder
0x2ee73e56c1cf6cdff1213ac07b2afebf340cce15,4,lower-notional future-only YES buyer,BOUGHT_FUTURE_MARKETS_ONLY,2,0,6,0.0,2133.19506,2133.19506,6,0,6,2133.19506,2026-06-17T08:27:10+00:00,2026-06-17T14:56:11+00:00,2026-06-17T08:27:10+00:00,2026-06-17T14:56:11+00:00,biggambler1983,Shocked-Subsidence
0xda9126becc96be3598ddd05c4fc06f4093759ffd,4,lower-notional future-only YES buyer,BOUGHT_FUTURE_MARKETS_ONLY,1,0,1,0.0,1994.0,1994.0,1,0,1,1994.0,2026-06-16T20:38:46+00:00,2026-06-16T20:38:46+00:00,2026-06-16T20:38:46+00:00,2026-06-16T20:38:46+00:00,98Ddd05C98Ddd05C4fC06f4093759FFdhotking012,Complex-Formation
0xe53207e4032390de35514597cdcd64e93e33a08b,4,lower-notional future-only YES buyer,BOUGHT_FUTURE_MARKETS_ONLY,1,0,10,0.0,1961.45998,1961.45998,10,0,10,1961.45998,2026-06-17T18:09:43+00:00,2026-06-17T18:11:58+00:00,2026-06-17T18:09:43+00:00,2026-06-17T18:11:58+00:00,,
0x01c1e36518078416b10cb2c393f20a500d737a52,4,lower-notional future-only YES buyer,BOUGHT_FUTURE_MARKETS_ONLY,2,0,12,0.0,1793.1,1793.1,12,0,12,1793.1,2026-06-16T12:06:24+00:00,2026-06-16T17:23:17+00:00,2026-06-16T12:06:24+00:00,2026-06-16T17:23:17+00:00,Rucki66,Wrathful-Town
0x6a924500b46196928132932bea000cf05939e8fb,4,lower-notional future-only YES buyer,BOUGHT_FUTURE_MARKETS_ONLY,1,0,1,0.0,1778.004,1778.004,1,0,1,1778.004,2026-06-15T20:06:19+00:00,2026-06-15T20:06:19+00:00,2026-06-15T20:06:19+00:00,2026-06-15T20:06:19+00:00,HYPERBE,Last-Lute
0x93ef12bfc73651880a24c0679333cc4ca0dc468b,4,lower-notional future-only YES buyer,BOUGHT_FUTURE_MARKETS_ONLY,1,0,1,0.0,1623.66768,1623.66768,1,0,1,1623.66768,2026-06-15T20:22:28+00:00,2026-06-15T20:22:28+00:00,2026-06-15T20:22:28+00:00,2026-06-15T20:22:28+00:00,TPAA,Corny-Virus
0xc4fbfd8c2bf090568f8eb207123364a3f0352bfd,4,lower-notional future-only YES buyer,BOUGHT_FUTURE_MARKETS_ONLY,1,0,1,0.0,1457.08,1457.08,1,0,1,1457.08,2026-06-17T16:36:05+00:00,2026-06-17T16:36:05+00:00,2026-06-17T16:36:05+00:00,2026-06-17T16:36:05+00:00,godpls,Noteworthy-Raid
0x818c6ad01037ee805585f1a9874ea26a77007539,4,lower-notional future-only YES buyer,BOUGHT_FUTURE_MARKETS_ONLY,1,0,3,0.0,1298.639002,1298.639002,3,0,3,1298.639002,2026-06-17T12:59:08+00:00,2026-06-17T18:04:47+00:00,2026-06-17T12:59:08+00:00,2026-06-17T18:04:47+00:00,pepeoptima38309,Evergreen-Archives
0x371473617d3064ed904cde2df3e90ad1e0be9ce3,4,lower-notional future-only YES buyer,BOUGHT_FUTURE_MARKETS_ONLY,2,0,4,0.0,1234.50167,1234.50167,4,0,4,1234.50167,2026-06-16T10:27:40+00:00,2026-06-16T16:17:53+00:00,2026-06-16T10:27:40+00:00,2026-06-16T16:17:53+00:00,AndyFran,Creamy-Impostor
0xef38b778a2f371db7a0918be97d1344c7e77adc9,4,lower-notional future-only YES buyer,BOUGHT_FUTURE_MARKETS_ONLY,1,0,2,0.0,1196.4,1196.4,2,0,2,1196.4,2026-06-16T16:38:23+00:00,2026-06-16T16:38:23+00:00,2026-06-16T16:38:23+00:00,2026-06-16T16:38:23+00:00,MondayStatic,Incomparable-Dusk
0x6a2f0438131fb53ade99442ead13558eece87105,4,lower-notional future-only YES buyer,BOUGHT_FUTURE_MARKETS_ONLY,2,0,7,0.0,1195.686201,1195.686201,7,0,7,1195.686201,2026-06-16T10:08:24+00:00,2026-06-17T16:36:05+00:00,2026-06-16T10:08:24+00:00,2026-06-17T16:36:05+00:00,Davidbill,Unlucky-Mezzanine
0x43f05ae1cbc007f07bbf34f6050f331238791b3d,4,lower-notional future-only YES buyer,BOUGHT_FUTURE_MARKETS_ONLY,1,0,8,0.0,1195.2,1195.2,8,0,8,1195.2,2026-06-16T18:33:17+00:00,2026-06-16T19:16:52+00:00,2026-06-16T18:33:17+00:00,2026-06-16T19:16:52+00:00,Donkolo,Orderly-Fennel
0x55b721af9b6323ddc994db71878e1e0be5133775,4,lower-notional future-only YES buyer,BOUGHT_FUTURE_MARKETS_ONLY,1,0,1,0.0,999.0,999.0,1,0,1,999.0,2026-06-17T14:25:25+00:00,2026-06-17T14:25:25+00:00,2026-06-17T14:25:25+00:00,2026-06-17T14:25:25+00:00,Kaythoven,Questionable-Bafflement
0x9f83f83bdfc209c6fade8a2c77ea9667e9176cd9,4,lower-notional future-only YES buyer,BOUGHT_FUTURE_MARKETS_ONLY,1,0,1,0.0,998.0,998.0,1,0,1,998.0,2026-06-17T18:34:13+00:00,2026-06-17T18:34:13+00:00,2026-06-17T18:34:13+00:00,2026-06-17T18:34:13+00:00,Naropoly,Pleased-Bootie
0x425e0d03366ecb2433e0ddf08a0c63b9622b7993,4,lower-notional future-only YES buyer,BOUGHT_FUTURE_MARKETS_ONLY,1,0,1,0.0,998.0,998.0,1,0,1,998.0,2026-06-17T18:30:31+00:00,2026-06-17T18:30:31+00:00,2026-06-17T18:30:31+00:00,2026-06-17T18:30:31+00:00,2DollarBeggar,Well-Made-Sneeze
0xe96d26ca077a331e126f7f66917c00373945a747,4,lower-notional future-only YES buyer,BOUGHT_FUTURE_MARKETS_ONLY,3,0,25,0.0,987.75903,987.75903,25,0,25,987.75903,2026-06-17T07:59:43+00:00,2026-06-17T18:37:34+00:00,2026-06-17T07:59:43+00:00,2026-06-17T18:37:34+00:00,trader-e96d26ca,Celebrated-Crystallography
0x76c54a0de8b0a3233317370056804fe998ebfe58,4,lower-notional future-only YES buyer,BOUGHT_FUTURE_MARKETS_ONLY,1,0,4,0.0,897.3,897.3,4,0,4,897.3,2026-06-16T15:35:04+00:00,2026-06-16T16:34:47+00:00,2026-06-16T15:35:04+00:00,2026-06-16T16:34:47+00:00,KentosPet,Unusual-Calorie
0x8a98109fb0f1d87d9bfcb4486ba3587b95c51b92,4,lower-notional future-only YES buyer,BOUGHT_FUTURE_MARKETS_ONLY,4,0,8,0.0,895.3588,895.3588,4,0,4,831.0209600000001,2026-06-15T17:50:46+00:00,2026-06-15T19:14:19+00:00,2026-05-08T22:57:45+00:00,2026-06-15T19:14:19+00:00,0xd8dA6BF26964aF9D7eEd9e03E53415D37aA9604,Blaring-Backdrop
0xaf4635074c8f9966ff44f2497183b53fc0578c1d,4,lower-notional future-only YES buyer,BOUGHT_FUTURE_MARKETS_ONLY,2,0,2,0.0,799.2,799.2,2,0,2,799.2,2026-06-17T02:02:06+00:00,2026-06-17T19:53:55+00:00,2026-06-17T02:02:06+00:00,2026-06-17T19:53:55+00:00,vamnizar,Powerful-Burning
0xf4d0b62bafd9c9bf1b4b1d9ff849568ea3be4637,4,lower-notional future-only YES buyer,BOUGHT_FUTURE_MARKETS_ONLY,1,0,6,0.0,799.2,799.2,6,0,6,799.2,2026-06-17T16:22:56+00:00,2026-06-17T16:33:26+00:00,2026-06-17T16:22:56+00:00,2026-06-17T16:33:26+00:00,64MGX75VLQ,Whopping-Mosquito
0xf1a373992677f6817c762994c44802b60de5f17b,4,lower-notional future-only YES buyer,BOUGHT_FUTURE_MARKETS_ONLY,2,0,5,0.0,548.4,548.4,5,0,5,548.4,2026-06-16T03:00:36+00:00,2026-06-17T19:14:20+00:00,2026-06-16T03:00:36+00:00,2026-06-17T19:14:20+00:00,CharizardStar,Wilted-Clamp
0x10ab807ac93681f1f8d567501721ce245ec5b2e8,4,lower-notional future-only YES buyer,BOUGHT_FUTURE_MARKETS_ONLY,2,0,6,0.0,547.0,547.0,6,0,6,547.0,2026-06-16T07:43:24+00:00,2026-06-16T19:16:52+00:00,2026-06-16T07:43:24+00:00,2026-06-16T19:16:52+00:00,weilaohei,Diligent-Spelt
0x9f086ae32344b489a004109f06fced08154273a8,4,lower-notional future-only YES buyer,BOUGHT_FUTURE_MARKETS_ONLY,1,0,4,0.0,504.360406,504.360406,4,0,4,504.36040599999995,2026-06-15T19:50:27+00:00,2026-06-15T19:53:06+00:00,2026-06-15T19:50:27+00:00,2026-06-15T19:53:06+00:00,Copezilla,Determined-Gear
0x2dc19b37c4e3aa62a74a65e39f9e9cdd1e2174fc,4,lower-notional future-only YES buyer,BOUGHT_FUTURE_MARKETS_ONLY,1,0,1,0.0,482.62689,482.62689,1,0,1,482.62689,2026-06-17T19:15:58+00:00,2026-06-17T19:15:58+00:00,2026-06-17T19:15:58+00:00,2026-06-17T19:15:58+00:00,toanhtoanh,Noisy-Intuition
0x206b7eeb5029664ff74f0d8e1c8168675144776b,4,lower-notional future-only YES buyer,BOUGHT_FUTURE_MARKETS_ONLY,1,0,1,0.0,449.999697,449.999697,1,0,1,449.999697,2026-06-17T18:01:01+00:00,2026-06-17T18:01:01+00:00,2026-06-17T18:01:01+00:00,2026-06-17T18:01:01+00:00,hiyar,Jumbo-Experimentation
0x3acce6b28bca8bcb72d4083959383afa68fd06a3,4,lower-notional future-only YES buyer,BOUGHT_FUTURE_MARKETS_ONLY,1,0,2,0.0,448.65,448.65,2,0,2,448.65000000000003,2026-06-16T16:27:37+00:00,2026-06-16T16:34:47+00:00,2026-06-16T16:27:37+00:00,2026-06-16T16:34:47+00:00,Martin66,Ashamed-Salami
0x635d4ea180ca206cb2ae9c02bfbe93583b195025,4,lower-notional future-only YES buyer,BOUGHT_FUTURE_MARKETS_ONLY,1,0,2,0.0,393.0,393.0,2,0,2,393.0,2026-06-16T00:39:19+00:00,2026-06-16T06:23:58+00:00,2026-06-16T00:39:19+00:00,2026-06-16T06:23:58+00:00,PutsOnPeace,Edible-Lot
0xcb59ea1babf3b26ea50088057e427ab0ed8f0a22,4,lower-notional future-only YES buyer,BOUGHT_FUTURE_MARKETS_ONLY,2,0,2,0.0,301.81788,301.81788,2,0,2,301.81788,2026-06-17T15:43:20+00:00,2026-06-17T16:13:43+00:00,2026-06-17T15:43:20+00:00,2026-06-17T16:13:43+00:00,BeneGesseritVoice,Youthful-Tug
0x70bc7d32ca23fe6271100fa28690d536e9f2a453,4,lower-notional future-only YES buyer,BOUGHT_FUTURE_MARKETS_ONLY,1,0,1,0.0,298.8,298.8,1,0,1,298.8,2026-06-17T07:59:29+00:00,2026-06-17T07:59:29+00:00,2026-06-17T07:59:29+00:00,2026-06-17T07:59:29+00:00,Martina11,Variable-Beauty
0x15f7ddbc6ffe08722ddeb64d51e58aef7b8ca018,4,lower-notional future-only YES buyer,BOUGHT_FUTURE_MARKETS_ONLY,1,0,1,0.0,295.7737,295.7737,1,0,1,295.7737,2026-06-16T18:03:19+00:00,2026-06-16T18:03:19+00:00,2026-06-16T18:03:19+00:00,2026-06-16T18:03:19+00:00,idkwhatimdoinggg,Handy-Retina
0x9b645cf105be1c15e5f955f8b06feac8a590015b,4,lower-notional future-only YES buyer,BOUGHT_FUTURE_MARKETS_ONLY,1,0,8,0.0,293.6706,293.6706,8,0,8,293.67060000000004,2026-06-16T13:47:43+00:00,2026-06-16T13:47:47+00:00,2026-06-16T13:47:43+00:00,2026-06-16T13:47:47+00:00,Rakusinec,Majestic-Beard
0xd2494ceb6dad8cf772e550b2bd327c4fbe3210da,4,lower-notional future-only YES buyer,BOUGHT_FUTURE_MARKETS_ONLY,1,0,2,0.0,287.712,287.712,2,0,2,287.712,2026-06-17T19:46:17+00:00,2026-06-17T19:55:17+00:00,2026-06-17T19:46:17+00:00,2026-06-17T19:55:17+00:00,lilgato,Warlike-Cemetery-Timber
0x7fed6777976286e8f927e409f07f22a456ae9664,4,lower-notional future-only YES buyer,BOUGHT_FUTURE_MARKETS_ONLY,1,0,1,0.0,269.999998,269.999998,1,0,1,269.999998,2026-06-17T09:18:23+00:00,2026-06-17T09:18:23+00:00,2026-06-17T09:18:23+00:00,2026-06-17T09:18:23+00:00,VladimirPeace,Questionable-Extinction
0x0d2ea4f8d00f92e280b107e3c87f9dc9b05cf1a2,4,lower-notional future-only YES buyer,BOUGHT_FUTURE_MARKETS_ONLY,1,0,1,0.0,265.734,265.734,1,0,1,265.734,2026-06-17T11:02:59+00:00,2026-06-17T11:02:59+00:00,2026-06-17T11:02:59+00:00,2026-06-17T11:02:59+00:00,pb7,Parched-Color
0x50421cc4cd0f184f346f4eb1d66e29656aaff296,4,lower-notional future-only YES buyer,BOUGHT_FUTURE_MARKETS_ONLY,2,0,4,0.0,254.897,254.897,4,0,4,254.897,2026-06-16T11:18:01+00:00,2026-06-17T18:01:43+00:00,2026-06-16T11:18:01+00:00,2026-06-17T18:01:43+00:00,Rocker42026,Vicious-Bowl
0x1cdd071bb612de6d66d0c882b676c663697de595,4,lower-notional future-only YES buyer,BOUGHT_FUTURE_MARKETS_ONLY,1,0,8,0.0,236.01,236.01,8,0,8,236.01,2026-06-15T18:26:49+00:00,2026-06-16T03:00:36+00:00,2026-06-15T18:26:49+00:00,2026-06-16T03:00:36+00:00,Lavincey,Firsthand-Eaglet
0xbacd00c9080a82ded56f504ee8810af732b0ab35,4,lower-notional future-only YES buyer,BOUGHT_FUTURE_MARKETS_ONLY,8,0,13,0.0,235.219982,235.219982,1,0,1,199.6,2026-06-17T17:54:41+00:00,2026-06-17T17:54:41+00:00,2026-04-22T20:14:04+00:00,2026-06-17T17:54:41+00:00,ScottyNooo,Dearest-Agenda
0xe9354d07f8dade79f8fd9c0b64c15d98d2423991,4,lower-notional future-only YES buyer,BOUGHT_FUTURE_MARKETS_ONLY,3,0,11,0.0,232.556,232.556,11,0,11,232.556,2026-06-17T00:28:16+00:00,2026-06-17T18:02:50+00:00,2026-06-17T00:28:16+00:00,2026-06-17T18:02:50+00:00,lukapol,Scholarly-Curd
0x751450fa3167f00422d61eeefe5e85ad41245dd2,4,lower-notional future-only YES buyer,BOUGHT_FUTURE_MARKETS_ONLY,1,0,10,0.0,224.898417,224.898417,10,0,10,224.898417,2026-06-17T18:01:47+00:00,2026-06-17T18:13:25+00:00,2026-06-17T18:01:47+00:00,2026-06-17T18:13:25+00:00,,
0x3d03c46d2e4594ea6fa03f7b571342d8ee249d52,4,lower-notional future-only YES buyer,BOUGHT_FUTURE_MARKETS_ONLY,5,0,18,0.0,219.78202,219.78202,17,0,17,218.06172,2026-06-17T07:52:07+00:00,2026-06-17T07:59:31+00:00,2026-05-08T23:48:35+00:00,2026-06-17T07:59:31+00:00,,
0xd837a0de2c7298045b8a1ecceb367ecd0f0b2af7,4,lower-notional future-only YES buyer,BOUGHT_FUTURE_MARKETS_ONLY,2,0,5,0.0,177.429318,177.429318,5,0,5,177.429318,2026-06-17T18:37:35+00:00,2026-06-17T20:04:01+00:00,2026-06-17T18:37:35+00:00,2026-06-17T20:04:01+00:00,,
0x28a1e9360a5bb650d42a57ee114fc03e29cb7809,4,lower-notional future-only YES buyer,BOUGHT_FUTURE_MARKETS_ONLY,1,0,1,0.0,157.842,157.842,1,0,1,157.842,2026-06-17T02:10:45+00:00,2026-06-17T02:10:45+00:00,2026-06-17T02:10:45+00:00,2026-06-17T02:10:45+00:00,Lookwhales,Horrible-Fennel
0xe6940b14e6652d9f2c6b774e3eb4b35ceeee7e7c,4,lower-notional future-only YES buyer,BOUGHT_FUTURE_MARKETS_ONLY,3,0,4,0.0,157.32252,157.32252,4,0,4,157.32252000000003,2026-06-17T15:10:37+00:00,2026-06-17T21:56:49+00:00,2026-06-17T15:10:37+00:00,2026-06-17T21:56:49+00:00,4-testfollower-hm7,Steep-Treat
0x107f6c8c78c66f1d3a281cbf504e4c3c5562bb8c,4,lower-notional future-only YES buyer,BOUGHT_FUTURE_MARKETS_ONLY,1,0,2,0.0,149.4,149.4,2,0,2,149.4,2026-06-16T17:10:17+00:00,2026-06-16T17:23:32+00:00,2026-06-16T17:10:17+00:00,2026-06-16T17:23:32+00:00,VortexBet,Incomplete-Cherry
0x8885056d8493536d6970059c15d35f47ec1fc5d4,4,lower-notional future-only YES buyer,BOUGHT_FUTURE_MARKETS_ONLY,1,0,1,0.0,144.71,144.71,1,0,1,144.71,2026-06-16T14:05:11+00:00,2026-06-16T14:05:11+00:00,2026-06-16T14:05:11+00:00,2026-06-16T14:05:11+00:00,MarginCallp,Understated-Event
0x2df8030e40eaf359b78c4d3f1e6bb02807d28eb5,4,lower-notional future-only YES buyer,BOUGHT_FUTURE_MARKETS_ONLY,1,0,1,0.0,137.724,137.724,1,0,1,137.724,2026-06-16T15:36:34+00:00,2026-06-16T15:36:34+00:00,2026-06-16T15:36:34+00:00,2026-06-16T15:36:34+00:00,Premiumu,Juvenile-Sign
0xa6efd883b64bbe346118734f28fee24b980e74fc,4,lower-notional future-only YES buyer,BOUGHT_FUTURE_MARKETS_ONLY,1,0,1,0.0,136.726,136.726,1,0,1,136.726,2026-06-16T15:11:40+00:00,2026-06-16T15:11:40+00:00,2026-06-16T15:11:40+00:00,2026-06-16T15:11:40+00:00,Silentoperator1,Red-Propane
0x51fcc5710a903eebb53f23d22fb115e2b403fcbb,4,lower-notional future-only YES buyer,BOUGHT_FUTURE_MARKETS_ONLY,1,0,1,0.0,130.18826,130.18826,1,0,1,130.18826,2026-06-16T14:32:07+00:00,2026-06-16T14:32:07+00:00,2026-06-16T14:32:07+00:00,2026-06-16T14:32:07+00:00,SilentOperatoer,Different-Regionalism
0x860c51f3afa22dfaa4ae2c26fc749701f545418d,4,lower-notional future-only YES buyer,BOUGHT_FUTURE_MARKETS_ONLY,4,0,11,0.0,99.93946,99.93946,11,0,11,99.93946,2026-06-17T00:28:16+00:00,2026-06-17T18:37:34+00:00,2026-06-17T00:28:16+00:00,2026-06-17T18:37:34+00:00,umbrella-labs,Bouncy-Drizzle
0x655abbf374758b27b047ef97757885b4ce0adf0c,4,lower-notional future-only YES buyer,BOUGHT_FUTURE_MARKETS_ONLY,1,0,1,0.0,99.839061,99.839061,1,0,1,99.839061,2026-06-17T21:54:16+00:00,2026-06-17T21:54:16+00:00,2026-06-17T21:54:16+00:00,2026-06-17T21:54:16+00:00,bsdu1hm9sq8z,Embellished-Colorlessness
0x86f3d4bb1875e73c978b7e926b0cbceaa30eaf44,4,lower-notional future-only YES buyer,BOUGHT_FUTURE_MARKETS_ONLY,1,0,2,0.0,99.65,99.65,2,0,2,99.65,2026-06-16T13:11:01+00:00,2026-06-16T13:38:43+00:00,2026-06-16T13:11:01+00:00,2026-06-16T13:38:43+00:00,Safdar16,Dirty-Shoe
0x083c87f5f6b15a3f921ec5e266e65d4cbb8765f2,4,lower-notional future-only YES buyer,BOUGHT_FUTURE_MARKETS_ONLY,2,0,8,0.0,98.861,98.861,8,0,8,98.861,2026-06-17T00:28:16+00:00,2026-06-17T17:25:05+00:00,2026-06-17T00:28:16+00:00,2026-06-17T17:25:05+00:00,lukatst,Dramatic-Cheese
0x6d10c34c55db8f1e170c46e3c65c94563c6d1a7f,4,lower-notional future-only YES buyer,BOUGHT_FUTURE_MARKETS_ONLY,1,0,1,0.0,97.902,97.902,1,0,1,97.902,2026-06-16T13:28:52+00:00,2026-06-16T13:28:52+00:00,2026-06-16T13:28:52+00:00,2026-06-16T13:28:52+00:00,Immut,Punctual-Albatross
0xc7d02944a76b9f83b199e9090ecc92c82d241f8a,4,lower-notional future-only YES buyer,BOUGHT_FUTURE_MARKETS_ONLY,1,0,1,0.0,81.77058,81.77058,1,0,1,81.77058,2026-06-15T19:13:27+00:00,2026-06-15T19:13:27+00:00,2026-06-15T19:13:27+00:00,2026-06-15T19:13:27+00:00,0xc7D02944A76B9F83B199e9090ECC92C82d241F8a-1776944395495,Flamboyant-Warming
0x95172e263f7d5761099126e33ce08f41038ef0b3,4,lower-notional future-only YES buyer,BOUGHT_FUTURE_MARKETS_ONLY,1,0,1,0.0,69.599998,69.599998,1,0,1,69.599998,2026-06-16T04:04:49+00:00,2026-06-16T04:04:49+00:00,2026-06-16T04:04:49+00:00,2026-06-16T04:04:49+00:00,DeLeeuw,Natural-Serum
0x73c2a806fc7390b859525eeb7544ed6d45562f7b,4,lower-notional future-only YES buyer,BOUGHT_FUTURE_MARKETS_ONLY,1,0,1,0.0,63.936,63.936,1,0,1,63.936,2026-06-17T09:14:13+00:00,2026-06-17T09:14:13+00:00,2026-06-17T09:14:13+00:00,2026-06-17T09:14:13+00:00,MEXC-048,Evergreen-Convertible
0x9135eb2574796b51d390234ef5af565bca58b8dd,4,lower-notional future-only YES buyer,BOUGHT_FUTURE_MARKETS_ONLY,1,0,1,0.0,60.5934,60.5934,1,0,1,60.5934,2026-06-15T18:36:18+00:00,2026-06-15T18:36:18+00:00,2026-06-15T18:36:18+00:00,2026-06-15T18:36:18+00:00,dqr5lzgg,Self-Reliant-Content
0x9da7ab51f61b3cc5e7b34e6ef460c7c1654e8d0f,4,lower-notional future-only YES buyer,BOUGHT_FUTURE_MARKETS_ONLY,1,0,1,0.0,59.82,59.82,1,0,1,59.82,2026-06-16T12:37:00+00:00,2026-06-16T12:37:00+00:00,2026-06-16T12:37:00+00:00,2026-06-16T12:37:00+00:00,AdesKapa,Vital-Footnote
0xa9f7df44d7a2f1fd031e4126a6f750fffde12633,4,lower-notional future-only YES buyer,BOUGHT_FUTURE_MARKETS_ONLY,1,0,1,0.0,54.479466,54.479466,1,0,1,54.479466,2026-06-17T21:54:16+00:00,2026-06-17T21:54:16+00:00,2026-06-17T21:54:16+00:00,2026-06-17T21:54:16+00:00,n4ne039sah87,Sorrowful-Laptop
0xec6f15a8ab62fff46adf251ea17d2fe4e7bfaf0b,4,lower-notional future-only YES buyer,BOUGHT_FUTURE_MARKETS_ONLY,1,0,1,0.0,51.999998,51.999998,1,0,1,51.999998,2026-06-17T07:59:40+00:00,2026-06-17T07:59:40+00:00,2026-06-17T07:59:40+00:00,2026-06-17T07:59:40+00:00,Lungo,Confused-Priority
0x5f0b2ef77500dcda06d15179720b39772d1f2305,4,lower-notional future-only YES buyer,BOUGHT_FUTURE_MARKETS_ONLY,1,0,1,0.0,50.40832,50.40832,1,0,1,50.40832,2026-06-17T19:15:20+00:00,2026-06-17T19:15:20+00:00,2026-06-17T19:15:20+00:00,2026-06-17T19:15:20+00:00,happytrade,Peppery-Nurse
0x81de0770551ca28dc0dc7fa148406d40bdfc20d4,4,lower-notional future-only YES buyer,BOUGHT_FUTURE_MARKETS_ONLY,1,0,7,0.0,47.913828,47.913828,7,0,7,47.913827999999995,2026-06-17T18:06:35+00:00,2026-06-17T18:13:31+00:00,2026-06-17T18:06:35+00:00,2026-06-17T18:13:31+00:00,Ox81De0770551cA28Dc0Dc7fa148406D40BdfC20d4,Nimble-Essay
0x74715e529168b8d466a01eaebd5f6476faffcdac,4,lower-notional future-only YES buyer,BOUGHT_FUTURE_MARKETS_ONLY,1,0,2,0.0,45.00495,45.00495,2,0,2,45.00495,2026-06-17T21:22:20+00:00,2026-06-17T23:54:14+00:00,2026-06-17T21:22:20+00:00,2026-06-17T23:54:14+00:00,trader-74715e52,Classic-Labour
0x4242b12999731d286ab446b9ab4da0797ac4b20d,4,lower-notional future-only YES buyer,BOUGHT_FUTURE_MARKETS_ONLY,3,0,4,0.0,41.289992,41.289992,4,0,4,41.289992,2026-06-16T23:53:43+00:00,2026-06-17T10:14:50+00:00,2026-06-16T23:53:43+00:00,2026-06-17T10:14:50+00:00,,
0x990b0d475c5dde492c1fb67efd9e698662347b0f,4,lower-notional future-only YES buyer,BOUGHT_FUTURE_MARKETS_ONLY,1,0,1,0.0,40.64931,40.64931,1,0,1,40.64931,2026-06-17T15:55:34+00:00,2026-06-17T15:55:34+00:00,2026-06-17T15:55:34+00:00,2026-06-17T15:55:34+00:00,eppixx,Junior-Raincoat
0x945a49252f772a10c6ddd1d1e1e24ee20438a48c,4,lower-notional future-only YES buyer,BOUGHT_FUTURE_MARKETS_ONLY,2,0,7,0.0,40.51944,40.51944,5,0,5,40.24744,2026-06-15T19:25:33+00:00,2026-06-15T23:03:30+00:00,2026-05-22T21:54:50+00:00,2026-06-15T23:03:30+00:00,zxcursed121,Informal-Boutique
0x5a218c7ad04135830a45c41aaed7294df7809318,4,lower-notional future-only YES buyer,BOUGHT_FUTURE_MARKETS_ONLY,1,0,1,0.0,39.36,39.36,1,0,1,39.36,2026-06-16T03:00:36+00:00,2026-06-16T03:00:36+00:00,2026-06-16T03:00:36+00:00,2026-06-16T03:00:36+00:00,balthazar,Sparse-Cookie
0xaa2dafa4d2e39bb5ca975d50845420e5709753b3,4,lower-notional future-only YES buyer,BOUGHT_FUTURE_MARKETS_ONLY,1,0,1,0.0,36.1032,36.1032,1,0,1,36.1032,2026-06-15T22:37:00+00:00,2026-06-15T22:37:00+00:00,2026-06-15T22:37:00+00:00,2026-06-15T22:37:00+00:00,a963gapb,Evil-Porthole
0x813924286c5907a42eeb5579223727a7a2fbc4cf,4,lower-notional future-only YES buyer,BOUGHT_FUTURE_MARKETS_ONLY,1,0,4,0.0,31.79817,31.79817,4,0,4,31.79817,2026-06-17T23:03:16+00:00,2026-06-17T23:54:14+00:00,2026-06-17T23:03:16+00:00,2026-06-17T23:54:14+00:00,,
0x9070ab4ca09ee04712f2d2b1a4623e599d04b3df,4,lower-notional future-only YES buyer,BOUGHT_FUTURE_MARKETS_ONLY,1,0,4,0.0,30.02994,30.02994,4,0,4,30.02994,2026-06-17T17:28:14+00:00,2026-06-17T23:54:14+00:00,2026-06-17T17:28:14+00:00,2026-06-17T23:54:14+00:00,trader-9070ab4c,Oddball-Carload
0xcb39f69efc6b293aa8b72d3164fafffe78986dda,4,lower-notional future-only YES buyer,BOUGHT_FUTURE_MARKETS_ONLY,1,0,3,0.0,29.999994,29.999994,3,0,3,29.999994,2026-06-17T07:59:40+00:00,2026-06-17T07:59:40+00:00,2026-06-17T07:59:40+00:00,2026-06-17T07:59:40+00:00,,
0xcab1a13e4657cab32161444e55d2fe803ea67dfa,4,lower-notional future-only YES buyer,BOUGHT_FUTURE_MARKETS_ONLY,1,0,1,0.0,29.82,29.82,1,0,1,29.82,2026-06-16T08:56:40+00:00,2026-06-16T08:56:40+00:00,2026-06-16T08:56:40+00:00,2026-06-16T08:56:40+00:00,0xcAb1a13E4657cab32161444e55D2FE803Ea67dfA-1770581419156,Chilly-Koala
0x191e35891382d3d6590918ff7a4b732689c1ef6b,4,lower-notional future-only YES buyer,BOUGHT_FUTURE_MARKETS_ONLY,1,0,4,0.0,28.36161,28.36161,4,0,4,28.361610000000002,2026-06-17T18:06:20+00:00,2026-06-17T18:14:17+00:00,2026-06-17T18:06:20+00:00,2026-06-17T18:14:17+00:00,dgfd76,Idealistic-Valance
0x38266db1174da047028b5343180cca0d02002bc7,4,lower-notional future-only YES buyer,BOUGHT_FUTURE_MARKETS_ONLY,3,0,7,0.0,27.659038,27.659038,3,0,3,23.659039,2026-06-17T07:59:37+00:00,2026-06-17T18:06:13+00:00,2026-06-01T01:56:21+00:00,2026-06-17T18:06:13+00:00,,
0x79463f0b7e76ca148250055da304c4e25b8c387f,4,lower-notional future-only YES buyer,BOUGHT_FUTURE_MARKETS_ONLY,1,0,2,0.0,25.896,25.896,2,0,2,25.896000000000004,2026-06-16T11:39:43+00:00,2026-06-16T11:39:46+00:00,2026-06-16T11:39:43+00:00,2026-06-16T11:39:46+00:00,tototo6969,Well-Informed-Haversack
0x4aea779b14c7c8dad013ee16a432661f7652faae,4,lower-notional future-only YES buyer,BOUGHT_FUTURE_MARKETS_ONLY,1,0,1,0.0,25.779,25.779,1,0,1,25.779,2026-06-15T20:06:19+00:00,2026-06-15T20:06:19+00:00,2026-06-15T20:06:19+00:00,2026-06-15T20:06:19+00:00,spirited0127,Prudent-Kill-Cytoplasm
0xa5c7114b3c17cc6b64afd5883eaabc7272497e7b,4,lower-notional future-only YES buyer,BOUGHT_FUTURE_MARKETS_ONLY,1,0,1,0.0,25.311,25.311,1,0,1,25.311,2026-06-15T20:06:19+00:00,2026-06-15T20:06:19+00:00,2026-06-15T20:06:19+00:00,2026-06-15T20:06:19+00:00,pioneers2026,Secondary-Maximum
0xbf01a875a5b4dd144ba848da805e79e9e7395ee9,4,lower-notional future-only YES buyer,BOUGHT_FUTURE_MARKETS_ONLY,1,0,1,0.0,24.999998,24.999998,1,0,1,24.999998,2026-06-17T07:59:40+00:00,2026-06-17T07:59:40+00:00,2026-06-17T07:59:40+00:00,2026-06-17T07:59:40+00:00,,
0x7ec21d40d403c953a9662ef29dc2c3fbcbe79b8c,4,lower-notional future-only YES buyer,BOUGHT_FUTURE_MARKETS_ONLY,2,0,5,0.0,24.999947,24.999947,5,0,5,24.999947,2026-06-17T07:59:40+00:00,2026-06-17T18:06:13+00:00,2026-06-17T07:59:40+00:00,2026-06-17T18:06:13+00:00,,
0x628a9ac7d5c6e85c1777adf34287a6a719436d8f,4,lower-notional future-only YES buyer,BOUGHT_FUTURE_MARKETS_ONLY,1,0,8,0.0,24.818953,24.818953,8,0,8,24.818952999999997,2026-06-17T18:01:47+00:00,2026-06-17T18:13:23+00:00,2026-06-17T18:01:47+00:00,2026-06-17T18:13:23+00:00,0x628a9aC7D5c6E85c1777AdF34287a6A719436d8F-1774575063174,Uniform-Temple
0x2f757f2044ff809b4e4a44cb8853b1716580d150,4,lower-notional future-only YES buyer,BOUGHT_FUTURE_MARKETS_ONLY,1,0,1,0.0,23.904,23.904,1,0,1,23.904,2026-06-16T12:45:07+00:00,2026-06-16T12:45:07+00:00,2026-06-16T12:45:07+00:00,2026-06-16T12:45:07+00:00,bugagaopopop,Watery-Hydraulics
0xa4b47fd5239a5deacb1f03167f2876fe8ee62472,4,lower-notional future-only YES buyer,BOUGHT_FUTURE_MARKETS_ONLY,1,0,2,0.0,23.769651,23.769651,2,0,2,23.769651,2026-06-16T17:14:50+00:00,2026-06-16T17:39:53+00:00,2026-06-16T17:14:50+00:00,2026-06-16T17:39:53+00:00,222turbo,Rubbery-Waist
0x25fd3151c1cc0f323d680f30a8957f047277bf28,4,lower-notional future-only YES buyer,BOUGHT_FUTURE_MARKETS_ONLY,2,0,4,0.0,23.429974,23.429974,4,0,4,23.429973999999998,2026-06-17T18:38:43+00:00,2026-06-17T19:29:26+00:00,2026-06-17T18:38:43+00:00,2026-06-17T19:29:26+00:00,qe9o6k7jbbt8,Hopeful-Impairment
0xea85ab56e7e65b065076e7a26e9792f3572812dd,4,lower-notional future-only YES buyer,BOUGHT_FUTURE_MARKETS_ONLY,1,0,2,0.0,23.139829,23.139829,2,0,2,23.139829000000002,2026-06-17T18:01:53+00:00,2026-06-17T18:06:13+00:00,2026-06-17T18:01:53+00:00,2026-06-17T18:06:13+00:00,,
0xe6e53d1135e87edd8d404ed52b3e937983cb8e81,4,lower-notional future-only YES buyer,BOUGHT_FUTURE_MARKETS_ONLY,2,0,5,0.0,22.969712,22.969712,5,0,5,22.969712,2026-06-17T07:59:32+00:00,2026-06-17T18:06:13+00:00,2026-06-17T07:59:32+00:00,2026-06-17T18:06:13+00:00,,
0x31ff44447ca8efd8fca70c5f9192c37af6f898b4,4,lower-notional future-only YES buyer,BOUGHT_FUTURE_MARKETS_ONLY,1,0,1,0.0,19.999998,19.999998,1,0,1,19.999998,2026-06-17T07:58:14+00:00,2026-06-17T07:58:14+00:00,2026-06-17T07:58:14+00:00,2026-06-17T07:58:14+00:00,,
0x57e53da9040ef1c7eb0135ffc4d4e5edbc820487,4,lower-notional future-only YES buyer,BOUGHT_FUTURE_MARKETS_ONLY,1,0,1,0.0,19.999998,19.999998,1,0,1,19.999998,2026-06-17T12:47:40+00:00,2026-06-17T12:47:40+00:00,2026-06-17T12:47:40+00:00,2026-06-17T12:47:40+00:00,,
0xf3c93cffa5373b315f9957292f7824bf0f6b1f16,4,lower-notional future-only YES buyer,BOUGHT_FUTURE_MARKETS_ONLY,1,0,1,0.0,19.999998,19.999998,1,0,1,19.999998,2026-06-16T18:06:32+00:00,2026-06-16T18:06:32+00:00,2026-06-16T18:06:32+00:00,2026-06-16T18:06:32+00:00,ethdhdfhfdsgsfdbh,Faraway-Major
0x34d0f35dee283bb7272f59220818007a6af4264e,4,lower-notional future-only YES buyer,BOUGHT_FUTURE_MARKETS_ONLY,1,0,1,0.0,19.98,19.98,1,0,1,19.98,2026-06-17T09:13:10+00:00,2026-06-17T09:13:10+00:00,2026-06-17T09:13:10+00:00,2026-06-17T09:13:10+00:00,sand1,Sandy-Wife
0xd0db79306c38e8ce1969ce80dde58fa67a67b117,4,lower-notional future-only YES buyer,BOUGHT_FUTURE_MARKETS_ONLY,1,0,1,0.0,19.83026,19.83026,1,0,1,19.830260000000003,2026-06-17T18:17:17+00:00,2026-06-17T18:17:17+00:00,2026-06-17T18:17:17+00:00,2026-06-17T18:17:17+00:00,Talophex,Immense-Businessman
0xc78d45a110d2a8b0f9682d4f5d6ceedf432787eb,4,lower-notional future-only YES buyer,BOUGHT_FUTURE_MARKETS_ONLY,1,0,1,0.0,19.812,19.812,1,0,1,19.812,2026-06-15T20:06:19+00:00,2026-06-15T20:06:19+00:00,2026-06-15T20:06:19+00:00,2026-06-15T20:06:19+00:00,prose0128,Lucky-Corps
0x00be27e4f7227e8080d38822c0d930629d2c8a29,4,lower-notional future-only YES buyer,BOUGHT_FUTURE_MARKETS_ONLY,1,0,2,0.0,19.068912,19.068912,2,0,2,19.068911999999997,2026-06-17T17:03:05+00:00,2026-06-17T17:11:20+00:00,2026-06-17T17:03:05+00:00,2026-06-17T17:11:20+00:00,,
0x517062b4e48b621cf18b5ab2ddb7a44e9c33d8b2,4,lower-notional future-only YES buyer,BOUGHT_FUTURE_MARKETS_ONLY,2,0,2,0.0,18.363198,18.363198,2,0,2,18.363198,2026-06-17T07:56:46+00:00,2026-06-17T07:59:34+00:00,2026-06-17T07:56:46+00:00,2026-06-17T07:59:34+00:00,,
0xca6e53a606d825d2312a86c1a5dcc4c1e6eb73e8,4,lower-notional future-only YES buyer,BOUGHT_FUTURE_MARKETS_ONLY,1,0,2,0.0,17.089885,17.089885,2,0,2,17.089885000000002,2026-06-17T18:01:52+00:00,2026-06-17T18:06:13+00:00,2026-06-17T18:01:52+00:00,2026-06-17T18:06:13+00:00,,
0xd245304a12ba711de764a45cd0912aee5ad52318,4,lower-notional future-only YES buyer,BOUGHT_FUTURE_MARKETS_ONLY,2,0,2,0.0,16.00398,16.00398,2,0,2,16.00398,2026-06-17T15:10:37+00:00,2026-06-17T15:13:17+00:00,2026-06-17T15:10:37+00:00,2026-06-17T15:13:17+00:00,qcp2,Well-Off-Aim
0x27ecdf40f1ffca700a81d48f7be172c6d07a2f79,4,lower-notional future-only YES buyer,BOUGHT_FUTURE_MARKETS_ONLY,1,0,2,0.0,15.108876,15.108876,2,0,2,15.108876,2026-06-17T17:02:01+00:00,2026-06-17T17:10:40+00:00,2026-06-17T17:02:01+00:00,2026-06-17T17:10:40+00:00,,
0x4e8a73a422ebe04d33dd950bb6b36e3323eca117,4,lower-notional future-only YES buyer,BOUGHT_FUTURE_MARKETS_ONLY,1,0,1,0.0,15.03495,15.03495,1,0,1,15.03495,2026-06-17T23:55:31+00:00,2026-06-17T23:55:31+00:00,2026-06-17T23:55:31+00:00,2026-06-17T23:55:31+00:00,Sung-Jinwoo,Tempting-Armadillo
0xa3de21c8e8248a3bccfec6b68e33d4504802111a,4,lower-notional future-only YES buyer,BOUGHT_FUTURE_MARKETS_ONLY,1,0,1,0.0,14.999865,14.999865,1,0,1,14.999865,2026-06-17T18:50:17+00:00,2026-06-17T18:50:17+00:00,2026-06-17T18:50:17+00:00,2026-06-17T18:50:17+00:00,,
0x70bc18fd72280d6b2bd22414f7f00682b0e14f4e,4,lower-notional future-only YES buyer,BOUGHT_FUTURE_MARKETS_ONLY,1,0,2,0.0,14.779206,14.779206,2,0,2,14.779206000000002,2026-06-17T17:03:59+00:00,2026-06-17T17:11:43+00:00,2026-06-17T17:03:59+00:00,2026-06-17T17:11:43+00:00,,
0xe855d15e21c32ca08fb98f23c98360ed9bd238f0,4,lower-notional future-only YES buyer,BOUGHT_FUTURE_MARKETS_ONLY,1,0,2,0.0,12.649338,12.649338,2,0,2,12.649338,2026-06-17T17:01:43+00:00,2026-06-17T17:10:25+00:00,2026-06-17T17:01:43+00:00,2026-06-17T17:10:25+00:00,,
0x52177c82768be0178896fde8544e81d2ed0e8201,4,lower-notional future-only YES buyer,BOUGHT_FUTURE_MARKETS_ONLY,3,0,4,0.0,12.349035,12.349035,3,0,3,11.349035,2026-06-17T07:59:35+00:00,2026-06-17T18:06:13+00:00,2026-05-08T23:48:39+00:00,2026-06-17T18:06:13+00:00,,
0x6b24cde2e124122ff52ddb05160896f43f80cf25,4,lower-notional future-only YES buyer,BOUGHT_FUTURE_MARKETS_ONLY,1,0,1,0.0,12.099998,12.099998,1,0,1,12.099998,2026-06-17T07:57:19+00:00,2026-06-17T07:57:19+00:00,2026-06-17T07:57:19+00:00,2026-06-17T07:57:19+00:00,0x6B24cdE2e124122FF52DdB05160896f43F80Cf25-1764934406179,Quick-Witted-Banner
0x03f2a7e04f2f4bffba70bc4d2fd6e004753616ad,4,lower-notional future-only YES buyer,BOUGHT_FUTURE_MARKETS_ONLY,1,0,2,0.0,11.29869,11.29869,2,0,2,11.29869,2026-06-17T17:02:16+00:00,2026-06-17T17:10:59+00:00,2026-06-17T17:02:16+00:00,2026-06-17T17:10:59+00:00,,
0xdf7c6255fbc7ddc7eeac9ff33646b904cc0c1a97,4,lower-notional future-only YES buyer,BOUGHT_FUTURE_MARKETS_ONLY,1,0,2,0.0,11.13885,11.13885,2,0,2,11.13885,2026-06-17T17:03:46+00:00,2026-06-17T17:11:32+00:00,2026-06-17T17:03:46+00:00,2026-06-17T17:11:32+00:00,,
0xa81ec81787d5dcd078b9d1a3763f6508d5d1c74e,4,lower-notional future-only YES buyer,BOUGHT_FUTURE_MARKETS_ONLY,1,0,2,0.0,10.71927,10.71927,2,0,2,10.71927,2026-06-17T17:02:29+00:00,2026-06-17T17:11:11+00:00,2026-06-17T17:02:29+00:00,2026-06-17T17:11:11+00:00,,
0xaa06f6e8d4d0cce05d521fbca234de77c0af1e0f,4,lower-notional future-only YES buyer,BOUGHT_FUTURE_MARKETS_ONLY,1,0,3,0.0,10.289708,10.289708,3,0,3,10.289708,2026-06-17T07:59:34+00:00,2026-06-17T07:59:35+00:00,2026-06-17T07:59:34+00:00,2026-06-17T07:59:35+00:00,,
0x5631e6c59e80dcda0fc137a6c8bcb4a586113553,4,lower-notional future-only YES buyer,BOUGHT_FUTURE_MARKETS_ONLY,3,0,4,0.0,10.249756,10.249756,3,0,3,9.249756000000001,2026-06-17T07:59:37+00:00,2026-06-17T18:06:13+00:00,2026-05-08T23:48:39+00:00,2026-06-17T18:06:13+00:00,,
0x8fff01819bd9fa175cc2c8feab5ba3730a770482,4,lower-notional future-only YES buyer,BOUGHT_FUTURE_MARKETS_ONLY,1,0,1,0.0,10.10988,10.10988,1,0,1,10.10988,2026-06-17T17:28:14+00:00,2026-06-17T17:28:14+00:00,2026-06-17T17:28:14+00:00,2026-06-17T17:28:14+00:00,trader-8fff0181,Tough-Transit
0xf179611b9855c528042343bf0ab351719ecafd27,4,lower-notional future-only YES buyer,BOUGHT_FUTURE_MARKETS_ONLY,1,0,1,0.0,9.999998,9.999998,1,0,1,9.999998,2026-06-16T08:10:43+00:00,2026-06-16T08:10:43+00:00,2026-06-16T08:10:43+00:00,2026-06-16T08:10:43+00:00,sek123,Cuddly-Tussle
0x6e66d706b3da54f4e43a1c98ee4e3c3a0d4d48c2,4,lower-notional future-only YES buyer,BOUGHT_FUTURE_MARKETS_ONLY,1,0,1,0.0,9.999998,9.999998,1,0,1,9.999998,2026-06-17T12:52:56+00:00,2026-06-17T12:52:56+00:00,2026-06-17T12:52:56+00:00,2026-06-17T12:52:56+00:00,x97uy8r5j8sb,Infinite-Fencing
0x5f0e97101e55624fe29148459834ac5389522c88,4,lower-notional future-only YES buyer,BOUGHT_FUTURE_MARKETS_ONLY,1,0,2,0.0,9.99,9.99,2,0,2,9.99,2026-06-17T21:22:20+00:00,2026-06-17T23:54:14+00:00,2026-06-17T21:22:20+00:00,2026-06-17T23:54:14+00:00,,
0x891c78dd395fe24ad2148c64377fdabe5cf1e455,4,lower-notional future-only YES buyer,BOUGHT_FUTURE_MARKETS_ONLY,2,0,2,0.0,9.99,9.99,2,0,2,9.99,2026-06-17T21:56:49+00:00,2026-06-17T22:18:55+00:00,2026-06-17T21:56:49+00:00,2026-06-17T22:18:55+00:00,blisni,Knowing-Dot
0x1247ee17b73772e3a29e38d8c32733c850a7f451,4,lower-notional future-only YES buyer,BOUGHT_FUTURE_MARKETS_ONLY,1,0,2,0.0,9.99,9.99,2,0,2,9.99,2026-06-17T21:22:20+00:00,2026-06-17T21:22:20+00:00,2026-06-17T21:22:20+00:00,2026-06-17T21:22:20+00:00,trader-1247ee17,Gullible-Elimination
0xa22fcbc1b2b9eacade17e128d643ab3304ffaf41,4,lower-notional future-only YES buyer,BOUGHT_FUTURE_MARKETS_ONLY,2,0,2,0.0,9.985,9.985,2,0,2,9.985,2026-06-17T08:27:44+00:00,2026-06-17T17:28:14+00:00,2026-06-17T08:27:44+00:00,2026-06-17T17:28:14+00:00,,
0xc6dd722558dbfbd8fa780efcbe819ed8c6604b9f,4,lower-notional future-only YES buyer,BOUGHT_FUTURE_MARKETS_ONLY,1,0,1,0.0,9.97992,9.97992,1,0,1,9.97992,2026-06-17T07:57:34+00:00,2026-06-17T07:57:34+00:00,2026-06-17T07:57:34+00:00,2026-06-17T07:57:34+00:00,tourists,Trusting-Bungalow
0xd4e8d48486808c84515a22d2d9e2ef096f26baac,4,lower-notional future-only YES buyer,BOUGHT_FUTURE_MARKETS_ONLY,2,0,5,0.0,9.579944,9.579944,5,0,5,9.579944,2026-06-17T07:59:32+00:00,2026-06-17T18:06:13+00:00,2026-06-17T07:59:32+00:00,2026-06-17T18:06:13+00:00,,
0xebc95608eb11ab482e2336fe08e67171ee21cc58,4,lower-notional future-only YES buyer,BOUGHT_FUTURE_MARKETS_ONLY,2,0,3,0.0,8.819174,8.819174,3,0,3,8.819174,2026-06-17T17:49:38+00:00,2026-06-17T17:53:17+00:00,2026-06-17T17:49:38+00:00,2026-06-17T17:53:17+00:00,Red.Dot,Digital-Accomplishment
0xe74995389bfc1c24ca656e6c2502c1fca757f771,4,lower-notional future-only YES buyer,BOUGHT_FUTURE_MARKETS_ONLY,1,0,1,0.0,8.04768,8.04768,1,0,1,8.04768,2026-06-16T20:19:14+00:00,2026-06-16T20:19:14+00:00,2026-06-16T20:19:14+00:00,2026-06-16T20:19:14+00:00,allenzzz,Vital-Browser
0x6d9b04e46b8807a411ec5aeb1f2e5293c556a7da,4,lower-notional future-only YES buyer,BOUGHT_FUTURE_MARKETS_ONLY,2,0,4,0.0,7.999997,7.999997,3,0,3,5.9999970000000005,2026-06-17T07:59:32+00:00,2026-06-17T07:59:32+00:00,2026-05-08T23:48:35+00:00,2026-06-17T07:59:32+00:00,wxk2dmoqz814,Irritating-Advice
0x7cc47cd9d255ff0c3d1297a4e7cd0100b7bd5dec,4,lower-notional future-only YES buyer,BOUGHT_FUTURE_MARKETS_ONLY,2,0,4,0.0,7.999993,7.999993,4,0,4,7.999993,2026-06-17T17:49:41+00:00,2026-06-17T17:54:49+00:00,2026-06-17T17:49:41+00:00,2026-06-17T17:54:49+00:00,,
0xd3f7bfeaa8c1b65feb428d7988d49bbbfa17b781,4,lower-notional future-only YES buyer,BOUGHT_FUTURE_MARKETS_ONLY,2,0,3,0.0,7.969557,7.969557,3,0,3,7.969557,2026-06-17T07:59:37+00:00,2026-06-17T18:06:13+00:00,2026-06-17T07:59:37+00:00,2026-06-17T18:06:13+00:00,,
0x228bf75aa8f8ce3ad4d1ad05bc8a63673f5588b9,4,lower-notional future-only YES buyer,BOUGHT_FUTURE_MARKETS_ONLY,1,0,2,0.0,7.929609,7.929609,2,0,2,7.929608999999999,2026-06-17T18:49:19+00:00,2026-06-17T18:49:22+00:00,2026-06-17T18:49:19+00:00,2026-06-17T18:49:22+00:00,potatWnis,Grand-Alley
0xf4de12ccb9133b51df0cb5950f829043d966ac06,4,lower-notional future-only YES buyer,BOUGHT_FUTURE_MARKETS_ONLY,2,0,6,0.0,7.599083,7.599083,6,0,6,7.599082999999999,2026-06-17T07:59:31+00:00,2026-06-17T18:06:10+00:00,2026-06-17T07:59:31+00:00,2026-06-17T18:06:10+00:00,sanguinius3,Oddball-Baobab-Glimpse
0x30cc79b0acff35d82194aa81a2b067e026c352fc,4,lower-notional future-only YES buyer,BOUGHT_FUTURE_MARKETS_ONLY,1,0,3,0.0,7.559172,7.559172,3,0,3,7.559172,2026-06-17T17:53:17+00:00,2026-06-17T18:50:17+00:00,2026-06-17T17:53:17+00:00,2026-06-17T18:50:17+00:00,trader-30cc79b0,Doting-Plough
0x020ee12d87dba8e0f1cab3f239c36295a68869c1,4,lower-notional future-only YES buyer,BOUGHT_FUTURE_MARKETS_ONLY,2,0,3,0.0,7.209886,7.209886,3,0,3,7.209886000000001,2026-06-17T07:59:35+00:00,2026-06-17T18:06:13+00:00,2026-06-17T07:59:35+00:00,2026-06-17T18:06:13+00:00,,
0x6fbe7de4342f3afa55a20d848b10ab8e3c071b01,4,lower-notional future-only YES buyer,BOUGHT_FUTURE_MARKETS_ONLY,1,0,2,0.0,6.959553,6.959553,2,0,2,6.959553,2026-06-17T18:49:25+00:00,2026-06-17T18:49:38+00:00,2026-06-17T18:49:25+00:00,2026-06-17T18:49:38+00:00,anasheDispatch,Imperturbable-Ambulance
0xfb7fdd0f3d964aa7da59f354e8914328d985fb67,4,lower-notional future-only YES buyer,BOUGHT_FUTURE_MARKETS_ONLY,2,0,5,0.0,6.719985,6.719985,5,0,5,6.719984999999999,2026-06-17T07:59:32+00:00,2026-06-17T18:06:13+00:00,2026-06-17T07:59:32+00:00,2026-06-17T18:06:13+00:00,,
0x17d0ed0c0c6ce411e86bc02c905422aa90a7158b,4,lower-notional future-only YES buyer,BOUGHT_FUTURE_MARKETS_ONLY,1,0,1,0.0,5.97,5.97,1,0,1,5.97,2026-06-16T12:11:43+00:00,2026-06-16T12:11:43+00:00,2026-06-16T12:11:43+00:00,2026-06-16T12:11:43+00:00,freewww,Winged-Macro
0x0d08ba36dc957430371e4216a74ee373a0af9e62,4,lower-notional future-only YES buyer,BOUGHT_FUTURE_MARKETS_ONLY,1,0,1,0.0,5.879998,5.879998,1,0,1,5.8799980000000005,2026-06-17T14:34:53+00:00,2026-06-17T14:34:53+00:00,2026-06-17T14:34:53+00:00,2026-06-17T14:34:53+00:00,,
0x8d21cce66ea42c9af6efb82c3e3b6ec9f56b3e74,4,lower-notional future-only YES buyer,BOUGHT_FUTURE_MARKETS_ONLY,1,0,2,0.0,5.449579,5.449579,2,0,2,5.449579,2026-06-17T18:49:17+00:00,2026-06-17T18:56:43+00:00,2026-06-17T18:49:17+00:00,2026-06-17T18:56:43+00:00,SuaveCup-fde,Crazy-Skylight
0xd245cacfb253da22550517be815ac4e0f5921b15,4,lower-notional future-only YES buyer,BOUGHT_FUTURE_MARKETS_ONLY,2,0,3,0.0,5.399937,5.399937,3,0,3,5.399937,2026-06-17T07:59:37+00:00,2026-06-17T18:06:13+00:00,2026-06-17T07:59:37+00:00,2026-06-17T18:06:13+00:00,,
0xf2384ea0fd45fa075100a8f9bf585e91f121c3ba,4,lower-notional future-only YES buyer,BOUGHT_FUTURE_MARKETS_ONLY,1,0,1,0.0,4.999999,4.999999,1,0,1,4.999999,2026-06-17T23:49:11+00:00,2026-06-17T23:49:11+00:00,2026-06-17T23:49:11+00:00,2026-06-17T23:49:11+00:00,Chun.Bill,Negative-Coevolution
0x4c26a98a587f22e415a20c4dad500e5c6e714750,4,lower-notional future-only YES buyer,BOUGHT_FUTURE_MARKETS_ONLY,1,0,1,0.0,4.999999,4.999999,1,0,1,4.999999,2026-06-17T07:59:40+00:00,2026-06-17T07:59:40+00:00,2026-06-17T07:59:40+00:00,2026-06-17T07:59:40+00:00,,
0xc26345e2465bf00be68a735ca59acd4ff3e16c0a,4,lower-notional future-only YES buyer,BOUGHT_FUTURE_MARKETS_ONLY,1,0,1,0.0,4.999995,4.999995,1,0,1,4.999995,2026-06-17T18:18:14+00:00,2026-06-17T18:18:14+00:00,2026-06-17T18:18:14+00:00,2026-06-17T18:18:14+00:00,,
0xf2f35075f8e88035cb349dd4efeb5c261645fda3,4,lower-notional future-only YES buyer,BOUGHT_FUTURE_MARKETS_ONLY,1,0,1,0.0,4.999995,4.999995,1,0,1,4.999995,2026-06-17T21:54:16+00:00,2026-06-17T21:54:16+00:00,2026-06-17T21:54:16+00:00,2026-06-17T21:54:16+00:00,zr3lrk0ofuqp,Personal-Confidentiality
0xf01b53983491af4aa666f825eeee46f169ea224f,4,lower-notional future-only YES buyer,BOUGHT_FUTURE_MARKETS_ONLY,2,0,5,0.0,4.999987,4.999987,5,0,5,4.999987,2026-06-17T07:59:40+00:00,2026-06-17T18:06:11+00:00,2026-06-17T07:59:40+00:00,2026-06-17T18:06:11+00:00,,
0xd6c7b1d0cdc3e524d38f8d1cd77b71e6a7be519b,4,lower-notional future-only YES buyer,BOUGHT_FUTURE_MARKETS_ONLY,1,0,1,0.0,4.995,4.995,1,0,1,4.995,2026-06-17T17:28:14+00:00,2026-06-17T17:28:14+00:00,2026-06-17T17:28:14+00:00,2026-06-17T17:28:14+00:00,trader-d6c7b1d0,Brilliant-Scenario
0xab2067f2bfe4a5bce93cda6f418cde1515d2d9e2,4,lower-notional future-only YES buyer,BOUGHT_FUTURE_MARKETS_ONLY,1,0,1,0.0,4.995,4.995,1,0,1,4.995,2026-06-17T17:28:14+00:00,2026-06-17T17:28:14+00:00,2026-06-17T17:28:14+00:00,2026-06-17T17:28:14+00:00,trader-ab2067f2,Narrow-Lamp
0x131a2d27d9f5ec25bbb42db80e1a474dc4f6e4d0,4,lower-notional future-only YES buyer,BOUGHT_FUTURE_MARKETS_ONLY,1,0,1,0.0,4.995,4.995,1,0,1,4.995,2026-06-17T15:15:22+00:00,2026-06-17T15:15:22+00:00,2026-06-17T15:15:22+00:00,2026-06-17T15:15:22+00:00,,
0x5f42bf4c09bab264d9cb34725a198066ae82e101,4,lower-notional future-only YES buyer,BOUGHT_FUTURE_MARKETS_ONLY,1,0,1,0.0,4.989954,4.989954,1,0,1,4.989954,2026-06-15T19:27:43+00:00,2026-06-15T19:27:43+00:00,2026-06-15T19:27:43+00:00,2026-06-15T19:27:43+00:00,,
0x0950965ae2d423a3db56c74899dd48d2fa744b03,4,lower-notional future-only YES buyer,BOUGHT_FUTURE_MARKETS_ONLY,1,0,1,0.0,4.869126,4.869126,1,0,1,4.869126,2026-06-17T21:54:22+00:00,2026-06-17T21:54:22+00:00,2026-06-17T21:54:22+00:00,2026-06-17T21:54:22+00:00,0x0950965aE2D423A3DB56C74899DD48D2fa744b03-1773702140738,Snappy-Shopper
0x5b6331e7ff0831a3fe2ed12004747db1a9c911a4,4,lower-notional future-only YES buyer,BOUGHT_FUTURE_MARKETS_ONLY,1,0,1,0.0,4.749988,4.749988,1,0,1,4.749988,2026-06-15T21:16:01+00:00,2026-06-15T21:16:01+00:00,2026-06-15T21:16:01+00:00,2026-06-15T21:16:01+00:00,neutralwave23,Monstrous-Dew
0x3a3fcf13a6fe621c642b24263539a3e259adcc63,4,lower-notional future-only YES buyer,BOUGHT_FUTURE_MARKETS_ONLY,2,0,3,0.0,4.498996,4.498996,3,0,3,4.498996,2026-06-17T18:04:26+00:00,2026-06-17T18:20:34+00:00,2026-06-17T18:04:26+00:00,2026-06-17T18:20:34+00:00,hvwilkuvh,Esteemed-Poncho
0x8242a0899ad50231a13e4dc401d1bfbbf3f60f3c,4,lower-notional future-only YES buyer,BOUGHT_FUTURE_MARKETS_ONLY,2,0,3,0.0,4.349639,4.349639,2,0,2,3.3496390000000003,2026-06-17T18:01:52+00:00,2026-06-17T18:06:13+00:00,2026-05-08T23:48:39+00:00,2026-06-17T18:06:13+00:00,,
0xa349e113d4a28fa83d65a6d3fa653f5a5380a150,4,lower-notional future-only YES buyer,BOUGHT_FUTURE_MARKETS_ONLY,2,0,2,0.0,3.999998,3.999998,2,0,2,3.999998,2026-06-17T07:58:20+00:00,2026-06-17T08:01:35+00:00,2026-06-17T07:58:20+00:00,2026-06-17T08:01:35+00:00,,
0xc9db6c957b2ba169608907443f3991b8d01b2ad3,4,lower-notional future-only YES buyer,BOUGHT_FUTURE_MARKETS_ONLY,3,0,4,0.0,3.999989,3.999989,3,0,3,2.999989,2026-06-17T07:59:35+00:00,2026-06-17T18:06:13+00:00,2026-05-08T23:48:39+00:00,2026-06-17T18:06:13+00:00,,
0x13b72e0aa620978c720a2bc87c1b1c68ee42c98f,4,lower-notional future-only YES buyer,BOUGHT_FUTURE_MARKETS_ONLY,1,0,2,0.0,3.318678,3.318678,2,0,2,3.3186780000000002,2026-06-17T18:17:55+00:00,2026-06-17T18:31:01+00:00,2026-06-17T18:17:55+00:00,2026-06-17T18:31:01+00:00,,
0xc68b7bdd22c1d464bb4afcdac2aca85fe176b030,4,lower-notional future-only YES buyer,BOUGHT_FUTURE_MARKETS_ONLY,1,0,3,0.0,2.999997,2.999997,3,0,3,2.999997,2026-06-17T07:59:40+00:00,2026-06-17T07:59:46+00:00,2026-06-17T07:59:40+00:00,2026-06-17T07:59:46+00:00,,
0x3983b4364e7e116038537d61d533aa3ffb334614,4,lower-notional future-only YES buyer,BOUGHT_FUTURE_MARKETS_ONLY,1,0,3,0.0,2.999997,2.999997,3,0,3,2.999997,2026-06-17T07:59:40+00:00,2026-06-17T07:59:40+00:00,2026-06-17T07:59:40+00:00,2026-06-17T07:59:40+00:00,,
0xc8b4a7c47acf784bc1143c8bb8bdcf7bafe919fe,4,lower-notional future-only YES buyer,BOUGHT_FUTURE_MARKETS_ONLY,2,0,2,0.0,2.999996,2.999996,2,0,2,2.9999960000000003,2026-06-17T07:58:28+00:00,2026-06-17T08:01:40+00:00,2026-06-17T07:58:28+00:00,2026-06-17T08:01:40+00:00,,
0x69c8df4225beb08afdeb5b542e81a393f426999b,4,lower-notional future-only YES buyer,BOUGHT_FUTURE_MARKETS_ONLY,1,0,1,0.0,2.079918,2.079918,1,0,1,2.079918,2026-06-17T21:54:16+00:00,2026-06-17T21:54:16+00:00,2026-06-17T21:54:16+00:00,2026-06-17T21:54:16+00:00,vmonkiii,Portly-Attorney
0x1bcb1bb4b32e3897684dfd81c354cff6c91a435c,4,lower-notional future-only YES buyer,BOUGHT_FUTURE_MARKETS_ONLY,1,0,2,0.0,2.049997,2.049997,2,0,2,2.049997,2026-06-17T07:59:34+00:00,2026-06-17T07:59:37+00:00,2026-06-17T07:59:34+00:00,2026-06-17T07:59:37+00:00,,
0x8a1480dad6a335b8b527731bee0e14e7c0bfb0b5,4,lower-notional future-only YES buyer,BOUGHT_FUTURE_MARKETS_ONLY,2,0,2,0.0,1.999999,1.999999,1,0,1,0.999999,2026-06-17T07:59:37+00:00,2026-06-17T07:59:37+00:00,2026-05-08T23:48:41+00:00,2026-06-17T07:59:37+00:00,,
0x23cc4d606d11eefaccb6609195322e1885284f5a,4,lower-notional future-only YES buyer,BOUGHT_FUTURE_MARKETS_ONLY,2,0,2,0.0,1.999998,1.999998,2,0,2,1.999998,2026-06-17T17:12:16+00:00,2026-06-17T17:12:25+00:00,2026-06-17T17:12:16+00:00,2026-06-17T17:12:25+00:00,9182736455463728190,Enormous-Fluke
0x9e98bffe91eb110ee744939cc207ba31c920dade,4,lower-notional future-only YES buyer,BOUGHT_FUTURE_MARKETS_ONLY,1,0,1,0.0,1.999998,1.999998,1,0,1,1.999998,2026-06-17T21:54:16+00:00,2026-06-17T21:54:16+00:00,2026-06-17T21:54:16+00:00,2026-06-17T21:54:16+00:00,,
0x0886c4a87193c0751f67e5c508f3909f2c8cdd80,4,lower-notional future-only YES buyer,BOUGHT_FUTURE_MARKETS_ONLY,1,0,2,0.0,1.999998,1.999998,2,0,2,1.999998,2026-06-17T07:59:34+00:00,2026-06-17T07:59:37+00:00,2026-06-17T07:59:34+00:00,2026-06-17T07:59:37+00:00,,
0xe142dfa8d6a752163e3ec2d52370d6ccfd6d4dcb,4,lower-notional future-only YES buyer,BOUGHT_FUTURE_MARKETS_ONLY,1,0,2,0.0,1.999998,1.999998,2,0,2,1.999998,2026-06-17T07:59:32+00:00,2026-06-17T07:59:37+00:00,2026-06-17T07:59:32+00:00,2026-06-17T07:59:37+00:00,,
0x89d6cd9b1846c5a8c93a46edaa2a5b107998ea49,4,lower-notional future-only YES buyer,BOUGHT_FUTURE_MARKETS_ONLY,1,0,2,0.0,1.999998,1.999998,2,0,2,1.999998,2026-06-17T07:59:34+00:00,2026-06-17T07:59:35+00:00,2026-06-17T07:59:34+00:00,2026-06-17T07:59:35+00:00,,
0xc0307bd41fa72c331900c55eccedf40328c9749e,4,lower-notional future-only YES buyer,BOUGHT_FUTURE_MARKETS_ONLY,1,0,2,0.0,1.999998,1.999998,2,0,2,1.999998,2026-06-17T07:59:34+00:00,2026-06-17T07:59:34+00:00,2026-06-17T07:59:34+00:00,2026-06-17T07:59:34+00:00,,
0x100113203807a493ac94f20c1bd167f8b02465b1,4,lower-notional future-only YES buyer,BOUGHT_FUTURE_MARKETS_ONLY,1,0,2,0.0,1.99999,1.99999,2,0,2,1.99999,2026-06-17T18:01:52+00:00,2026-06-17T18:06:13+00:00,2026-06-17T18:01:52+00:00,2026-06-17T18:06:13+00:00,,
0xeae1c93c8ba5ded36a6be65043c3d62b3ed665ec,4,lower-notional future-only YES buyer,BOUGHT_FUTURE_MARKETS_ONLY,1,0,1,0.0,1.989009,1.989009,1,0,1,1.989009,2026-06-17T17:54:44+00:00,2026-06-17T17:54:44+00:00,2026-06-17T17:54:44+00:00,2026-06-17T17:54:44+00:00,davpol,Rotten-Cathedral
0xf5160409d48a329d0104db2888eb53184033bb58,4,lower-notional future-only YES buyer,BOUGHT_FUTURE_MARKETS_ONLY,1,0,1,0.0,1.749998,1.749998,1,0,1,1.749998,2026-06-16T17:16:01+00:00,2026-06-16T17:16:01+00:00,2026-06-16T17:16:01+00:00,2026-06-16T17:16:01+00:00,12347890,Sharp-Invoice
0x8166910cc2f375fedbcf91dab5f8b0b451196f00,4,lower-notional future-only YES buyer,BOUGHT_FUTURE_MARKETS_ONLY,1,0,1,0.0,1.499998,1.499998,1,0,1,1.499998,2026-06-16T11:18:46+00:00,2026-06-16T11:18:46+00:00,2026-06-16T11:18:46+00:00,2026-06-16T11:18:46+00:00,4165,Threadbare-Cot
0x0df9d939d68d852fbd5bf145d49e099ca94a7287,4,lower-notional future-only YES buyer,BOUGHT_FUTURE_MARKETS_ONLY,1,0,1,0.0,1.139859,1.139859,1,0,1,1.139859,2026-06-17T21:54:14+00:00,2026-06-17T21:54:14+00:00,2026-06-17T21:54:14+00:00,2026-06-17T21:54:14+00:00,,
0x917f466ee31c136869af4438fb01ddc410e04e2c,4,lower-notional future-only YES buyer,BOUGHT_FUTURE_MARKETS_ONLY,1,0,1,0.0,1.099998,1.099998,1,0,1,1.099998,2026-06-17T07:59:31+00:00,2026-06-17T07:59:31+00:00,2026-06-17T07:59:31+00:00,2026-06-17T07:59:31+00:00,0x917f466ee31C136869AF4438FB01Ddc410E04e2C-1774536686311,Cheap-Lettuce
0x24ad62b6d22284cfd58eb73507aa8f698d65a51a,4,lower-notional future-only YES buyer,BOUGHT_FUTURE_MARKETS_ONLY,1,0,1,0.0,1.099899,1.099899,1,0,1,1.099899,2026-06-17T18:17:47+00:00,2026-06-17T18:17:47+00:00,2026-06-17T18:17:47+00:00,2026-06-17T18:17:47+00:00,lh10aznugyk9,Flaky-Shawl
0xe162abe935e95d1ddb485b747bbb7d639cd81301,4,lower-notional future-only YES buyer,BOUGHT_FUTURE_MARKETS_ONLY,1,0,1,0.0,1.099899,1.099899,1,0,1,1.099899,2026-06-17T21:54:16+00:00,2026-06-17T21:54:16+00:00,2026-06-17T21:54:16+00:00,2026-06-17T21:54:16+00:00,jdhf6cvvbd48,Entire-Commitment
0x5ee0ed811edb960bd104f28b9b98a593851c27c7,4,lower-notional future-only YES buyer,BOUGHT_FUTURE_MARKETS_ONLY,1,0,1,0.0,1.099899,1.099899,1,0,1,1.099899,2026-06-17T21:54:16+00:00,2026-06-17T21:54:16+00:00,2026-06-17T21:54:16+00:00,2026-06-17T21:54:16+00:00,0aimh5qhnmtj,Impassioned-Rag
0xdc8d1c10dae2e945f096633924c238059c91351e,4,lower-notional future-only YES buyer,BOUGHT_FUTURE_MARKETS_ONLY,1,0,1,0.0,1.039959,1.039959,1,0,1,1.039959,2026-06-17T18:06:10+00:00,2026-06-17T18:06:10+00:00,2026-06-17T18:06:10+00:00,2026-06-17T18:06:10+00:00,,
0x806eb39a397cd3a17dae90ab123dea5099fe164f,4,lower-notional future-only YES buyer,BOUGHT_FUTURE_MARKETS_ONLY,1,0,1,0.0,1.029954,1.029954,1,0,1,1.029954,2026-06-15T21:42:46+00:00,2026-06-15T21:42:46+00:00,2026-06-15T21:42:46+00:00,2026-06-15T21:42:46+00:00,,
0x3d9c10204d8f4ab1d69bafbefd134dff2973d863,4,lower-notional future-only YES buyer,BOUGHT_FUTURE_MARKETS_ONLY,1,0,1,0.0,0.999999,0.999999,1,0,1,0.999999,2026-06-17T21:54:14+00:00,2026-06-17T21:54:14+00:00,2026-06-17T21:54:14+00:00,2026-06-17T21:54:14+00:00,,
0x01eebb367efb929e486919508e4df7fedd22c603,4,lower-notional future-only YES buyer,BOUGHT_FUTURE_MARKETS_ONLY,1,0,1,0.0,0.999999,0.999999,1,0,1,0.999999,2026-06-17T07:59:35+00:00,2026-06-17T07:59:35+00:00,2026-06-17T07:59:35+00:00,2026-06-17T07:59:35+00:00,,
0xd44c919a655a007bcee15777c76b00cd3d8828c5,4,lower-notional future-only YES buyer,BOUGHT_FUTURE_MARKETS_ONLY,1,0,1,0.0,0.999999,0.999999,1,0,1,0.999999,2026-06-16T13:26:41+00:00,2026-06-16T13:26:41+00:00,2026-06-16T13:26:41+00:00,2026-06-16T13:26:41+00:00,0xd44c919a655a007BCEE15777C76B00cD3D8828C5-1768498912368,Plaintive-Ping
