addressLower,address,addressRoles,ranks,minRank,decodedVotes,statuses,maxNumTokensUMA,workbookVotingPowerUMA,sampleVoteTxHash,sampleVoteTimeUTC,step11F_priority
0x2f8320c2dc28681aa5bbf92e79c37be656a7d5f1,0x2f8320c2dc28681aa5bbf92e79c37be656a7d5f1,WORKBOOK_DELEGATE; EVENT_CALLER,1,1,YES,VALIDATED_YES_UMA_REVEAL,3121679.838898553,3121679.84,0x19dff8f63730d5afd87a0291b9d7c000a561300b5ba8022687d8fbb555413bac,2026-06-17T22:07:35+00:00,1
0xfc204fcfd2a579157898a212ea25ac98de2b1e1c,0xfc204fcfd2a579157898a212ea25ac98de2b1e1c,WORKBOOK_STAKER; EVENT_VOTER,1,1,YES,VALIDATED_YES_UMA_REVEAL,3121679.838898553,3121679.84,0x19dff8f63730d5afd87a0291b9d7c000a561300b5ba8022687d8fbb555413bac,2026-06-17T22:07:35+00:00,1
0x2ec20e5aa17f736060356f6b186208d5ce0ab4b4,0x2ec20e5aa17f736060356f6b186208d5ce0ab4b4,WORKBOOK_DELEGATE; EVENT_CALLER,2,2,YES,VALIDATED_YES_UMA_REVEAL,1537544.8753710203,1537544.88,0x14d2cc64be4146ee70b23ee5fdc250ca14b2de180c3b8c2bd5c7b3484a863ba9,2026-06-17T04:36:59+00:00,1
0xd2a78bb82389d30075144d17e782964918999f7f,0xd2a78bb82389d30075144d17e782964918999f7f,WORKBOOK_STAKER; EVENT_VOTER,2,2,YES,VALIDATED_YES_UMA_REVEAL,1537544.8753710203,1537544.88,0x14d2cc64be4146ee70b23ee5fdc250ca14b2de180c3b8c2bd5c7b3484a863ba9,2026-06-17T04:36:59+00:00,1
0x54b74d49cbfb92343e4607f260be721b208b4dfb,0x54b74d49cbfb92343e4607f260be721b208b4dfb,WORKBOOK_DELEGATE; EVENT_CALLER,3,3,YES,VALIDATED_YES_UMA_REVEAL,1073432.9408631625,1073432.94,0xfa79e9b9b304f9d517b2f0e53a5c448831ddf7e98cd43a641506659b4b8bb025,2026-06-17T00:58:23+00:00,1
0x95cd0e455cf41e9f8cca8eee488432f3f10f29b8,0x95cd0e455cf41e9f8cca8eee488432f3f10f29b8,WORKBOOK_STAKER; EVENT_VOTER,3,3,YES,VALIDATED_YES_UMA_REVEAL,1073432.9408631625,1073432.94,0xfa79e9b9b304f9d517b2f0e53a5c448831ddf7e98cd43a641506659b4b8bb025,2026-06-17T00:58:23+00:00,1
0xb21be96dc75717272402ef97a5cc144544263e3c,0xb21be96dc75717272402ef97a5cc144544263e3c,WORKBOOK_DELEGATE; EVENT_CALLER,4,4,YES,VALIDATED_YES_UMA_REVEAL,1072343.5387905317,1072343.54,0xb8d70d4b6517139b6564a906f685d7ffdd1fc97dbb94c387c76734c8b0f02349,2026-06-17T14:58:47+00:00,1
0xfec2ade141272f5271febadfca5d21ca30fc04a5,0xfec2ade141272f5271febadfca5d21ca30fc04a5,WORKBOOK_STAKER; EVENT_VOTER,4,4,YES,VALIDATED_YES_UMA_REVEAL,1072343.5387905317,1072343.54,0xb8d70d4b6517139b6564a906f685d7ffdd1fc97dbb94c387c76734c8b0f02349,2026-06-17T14:58:47+00:00,1
0x05d184b066d72cd42a1fe0fb880c3d4a0adbf8c4,0x05d184b066d72cd42a1fe0fb880c3d4a0adbf8c4,WORKBOOK_STAKER; EVENT_VOTER,5,5,YES,VALIDATED_YES_UMA_REVEAL,989950.0383336238,989950.04,0x90def598feb32df56d28be031326224e2b50369453f7ed5f43ad48389194b823,2026-06-17T02:00:11+00:00,1
0x099af188e9c68b91617efe4b09ee8cd90ba4c63d,0x099af188e9c68b91617efe4b09ee8cd90ba4c63d,WORKBOOK_DELEGATE; EVENT_CALLER,5,5,YES,VALIDATED_YES_UMA_REVEAL,989950.0383336238,989950.04,0x90def598feb32df56d28be031326224e2b50369453f7ed5f43ad48389194b823,2026-06-17T02:00:11+00:00,1
0x0afc9a935960948ed35e50ac7639cbb38e840b38,0x0afc9a935960948ed35e50ac7639cbb38e840b38,WORKBOOK_STAKER; EVENT_VOTER,6,6,YES,VALIDATED_YES_UMA_REVEAL,880730.289180372,880730.29,0xf87c138a976336e74bf8e3a2ee40f7dbef5785c0fb72c283ff50efa0555c5fb1,2026-06-17T17:11:23+00:00,1
0x4b8aef878255f6242606fe5e73d659004f5a34fa,0x4b8aef878255f6242606fe5e73d659004f5a34fa,WORKBOOK_DELEGATE; EVENT_CALLER,6,6,YES,VALIDATED_YES_UMA_REVEAL,880730.289180372,880730.29,0xf87c138a976336e74bf8e3a2ee40f7dbef5785c0fb72c283ff50efa0555c5fb1,2026-06-17T17:11:23+00:00,1
0x260d417fbd1716b1375cd311f8a6677c4a780b3a,0x260d417fbd1716b1375cd311f8a6677c4a780b3a,WORKBOOK_DELEGATE; EVENT_CALLER,7,7,YES,VALIDATED_YES_UMA_REVEAL,715196.1758173573,715196.18,0xb3e7ebc4b9ef6e2b236282ac0d0c4e103873444f0f982d4bb79d0becf64142ce,2026-06-17T03:40:35+00:00,1
0x487a5bbdc6091be0e27c0e8ea283047d94862538,0x487a5bbdc6091be0e27c0e8ea283047d94862538,WORKBOOK_STAKER; EVENT_VOTER,7,7,YES,VALIDATED_YES_UMA_REVEAL,715196.1758173573,715196.18,0xb3e7ebc4b9ef6e2b236282ac0d0c4e103873444f0f982d4bb79d0becf64142ce,2026-06-17T03:40:35+00:00,1
0x8548682e561668a51f99124d998db97ff326e67e,0x8548682e561668a51f99124d998db97ff326e67e,WORKBOOK_STAKER; EVENT_VOTER,8,8,YES,VALIDATED_YES_UMA_REVEAL,461920.0719567327,461920.07,0xb09cd3e46bad1ea463716da5668ecff1ce5b2828a12a5dd872109bba251c0023,2026-06-17T00:37:35+00:00,1
0xc03808e0af01563a739e408268d5517dd7d710f3,0xc03808e0af01563a739e408268d5517dd7d710f3,WORKBOOK_DELEGATE; EVENT_CALLER,8,8,YES,VALIDATED_YES_UMA_REVEAL,461920.0719567327,461920.07,0xb09cd3e46bad1ea463716da5668ecff1ce5b2828a12a5dd872109bba251c0023,2026-06-17T00:37:35+00:00,1
0x6564c6c44ef87e3bb32d7987317869817380340c,0x6564c6c44ef87e3bb32d7987317869817380340c,WORKBOOK_STAKER; EVENT_VOTER,9,9,YES,VALIDATED_YES_UMA_REVEAL,461060.93491505634,461060.93,0xf029ddfb44d8c5ce6c18fb0c301d203dc5cdbada52ebf125a1581c669ace0ad2,2026-06-17T08:55:59+00:00,1
0xc636da66cfa5c363c4785835069dcaf85ab91feb,0xc636da66cfa5c363c4785835069dcaf85ab91feb,WORKBOOK_DELEGATE; EVENT_CALLER,9,9,YES,VALIDATED_YES_UMA_REVEAL,461060.93491505634,461060.93,0xf029ddfb44d8c5ce6c18fb0c301d203dc5cdbada52ebf125a1581c669ace0ad2,2026-06-17T08:55:59+00:00,1
0xaf4c815cf13bc8671a2a12bde62aabec24651ccc,0xaf4c815cf13bc8671a2a12bde62aabec24651ccc,WORKBOOK_DELEGATE; EVENT_CALLER,10,10,YES,VALIDATED_YES_UMA_REVEAL,459684.15661678166,459684.16,0x10b6cff2485daf30fbcbfa79c34dab7eea1a68424b651d503a053276847a7f22,2026-06-17T06:13:35+00:00,1
0xeaf0f2eab859d1036ec14f8c4a1a7da8e4ef6aff,0xeaf0f2eab859d1036ec14f8c4a1a7da8e4ef6aff,WORKBOOK_STAKER; EVENT_VOTER,10,10,YES,VALIDATED_YES_UMA_REVEAL,459684.15661678166,459684.16,0x10b6cff2485daf30fbcbfa79c34dab7eea1a68424b651d503a053276847a7f22,2026-06-17T06:13:35+00:00,1
0x2108a6d1f32d1a932431d64e3328d1d45bd0520f,0x2108a6d1f32d1a932431d64e3328d1d45bd0520f,WORKBOOK_DELEGATE; EVENT_CALLER,11,11,YES,VALIDATED_YES_UMA_REVEAL,439614.6599802924,439614.66,0x8ed635c1422fcf8da1074073ccc450c9b146bf671fabed9211637fc4527c50e5,2026-06-17T00:06:35+00:00,1
0x66ca133ec691ca210251fcd4c963ba220515225a,0x66ca133ec691ca210251fcd4c963ba220515225a,WORKBOOK_STAKER; EVENT_VOTER,11,11,YES,VALIDATED_YES_UMA_REVEAL,439614.6599802924,439614.66,0x8ed635c1422fcf8da1074073ccc450c9b146bf671fabed9211637fc4527c50e5,2026-06-17T00:06:35+00:00,1
0xad0b860664a781cc164fc8ea36f81567ebec2c5f,0xad0b860664a781cc164fc8ea36f81567ebec2c5f,WORKBOOK_DELEGATE; EVENT_CALLER,12,12,YES,VALIDATED_YES_UMA_REVEAL,358437.97607594426,358437.98,0x1988ce82032b4388e033d51852c8ea46d32f0223d8afad306307e94e405be500,2026-06-17T01:26:11+00:00,1
0xdb2808ed6cf0b8b9686222689cf4f6e88e42b80a,0xdb2808ed6cf0b8b9686222689cf4f6e88e42b80a,WORKBOOK_STAKER; EVENT_VOTER,12,12,YES,VALIDATED_YES_UMA_REVEAL,358437.97607594426,358437.98,0x1988ce82032b4388e033d51852c8ea46d32f0223d8afad306307e94e405be500,2026-06-17T01:26:11+00:00,1
0xa4c8e8d8983e53381b25967659a368f8e108aca2,0xa4c8e8d8983e53381b25967659a368f8e108aca2,WORKBOOK_DELEGATE; EVENT_CALLER,13,13,YES,VALIDATED_YES_UMA_REVEAL,315099.70035350777,315099.7,0xfeb2a7029c5391c2739564f839cf37a0807e6da7d39f9a55f76ccdddbfb7471d,2026-06-17T01:20:23+00:00,1
0xbec3396836c22ed69945d4951ca3fe7c2f520ff4,0xbec3396836c22ed69945d4951ca3fe7c2f520ff4,WORKBOOK_STAKER; EVENT_VOTER,13,13,YES,VALIDATED_YES_UMA_REVEAL,315099.70035350777,315099.7,0xfeb2a7029c5391c2739564f839cf37a0807e6da7d39f9a55f76ccdddbfb7471d,2026-06-17T01:20:23+00:00,1
0x6147d56b02fabd35cd9fc2b80a60276cdf089521,0x6147d56b02fabd35cd9fc2b80a60276cdf089521,WORKBOOK_DELEGATE; EVENT_CALLER,14,14,YES,VALIDATED_YES_UMA_REVEAL,309631.92206131364,309631.92,0xa8de3fd5668a0ecb31380811693a98fdc3d7416ae5b498c6d38ac43b22f03e3b,2026-06-17T06:14:23+00:00,1
0xf659a672600f7c9f6fac317f884f8c76357fd48b,0xf659a672600f7c9f6fac317f884f8c76357fd48b,WORKBOOK_STAKER; EVENT_VOTER,14,14,YES,VALIDATED_YES_UMA_REVEAL,309631.92206131364,309631.92,0xa8de3fd5668a0ecb31380811693a98fdc3d7416ae5b498c6d38ac43b22f03e3b,2026-06-17T06:14:23+00:00,1
0x992837530c9980e3db3d5ef9baf9fc3390408cee,0x992837530c9980e3db3d5ef9baf9fc3390408cee,WORKBOOK_STAKER; EVENT_VOTER,15,15,YES,VALIDATED_YES_UMA_REVEAL,305566.61352538376,305566.61,0xe6e2d725ad497bbf5cd7cd559bb23e07a430c5665ccb5d000bd80b400a01e114,2026-06-17T01:18:35+00:00,1
0xe36b79317a75b08384c33d21197c7e3273886873,0xe36b79317a75b08384c33d21197c7e3273886873,WORKBOOK_DELEGATE; EVENT_CALLER,15,15,YES,VALIDATED_YES_UMA_REVEAL,305566.61352538376,305566.61,0xe6e2d725ad497bbf5cd7cd559bb23e07a430c5665ccb5d000bd80b400a01e114,2026-06-17T01:18:35+00:00,1
0xb73812cce6f5cb7ada40a134b4b16aefbdbb9472,0xb73812cce6f5cb7ada40a134b4b16aefbdbb9472,WORKBOOK_STAKER; EVENT_VOTER; EVENT_CALLER,16,16,YES,VALIDATED_YES_UMA_REVEAL,282946.33046465914,282946.33,0x3eba87f113f9952225dbf689ada8b24d4d679d28cbe3468fbeaf0e292f7cd3c0,2026-06-17T00:04:47+00:00,1
0x5db732749c6871540f481c15ebf353fc03c225d3,0x5db732749c6871540f481c15ebf353fc03c225d3,WORKBOOK_DELEGATE; EVENT_CALLER,17,17,YES,VALIDATED_YES_UMA_REVEAL,266956.9012003007,266956.9,0xea735eb3baf341bfc1f1b2765c94f8143520210165a02c963e358f309c028110,2026-06-17T07:10:47+00:00,1
0xf0027afb0cfbaae582e21d96e2761b0b07bfbfb2,0xf0027afb0cfbaae582e21d96e2761b0b07bfbfb2,WORKBOOK_STAKER; EVENT_VOTER,17,17,YES,VALIDATED_YES_UMA_REVEAL,266956.9012003007,266956.9,0xea735eb3baf341bfc1f1b2765c94f8143520210165a02c963e358f309c028110,2026-06-17T07:10:47+00:00,1
0x2c26767989d49215d249e6d36f8e3fe2717f7dbd,0x2c26767989d49215d249e6d36f8e3fe2717f7dbd,WORKBOOK_STAKER; EVENT_VOTER; EVENT_CALLER,18,18,YES,VALIDATED_YES_UMA_REVEAL,255936.64750429365,255936.65,0xd64c29222b4135c625cef486a2019b72af2da8696e1bc02b395ba37191f0640d,2026-06-17T08:36:23+00:00,1
0x840bf8f06b175aa001b85cdb68b3378e8b14946f,0x840bf8f06b175aa001b85cdb68b3378e8b14946f,WORKBOOK_STAKER; EVENT_VOTER,19,19,YES,VALIDATED_YES_UMA_REVEAL,255551.08146351253,255551.08,0x8fefbd0798d702529c8fce86bf43975bdd270c318d7c168468c01400ddeb7b02,2026-06-17T09:14:23+00:00,1
0x8bd7b5e860998607715da42944cc9de3486a3ae2,0x8bd7b5e860998607715da42944cc9de3486a3ae2,WORKBOOK_DELEGATE; EVENT_CALLER,19,19,YES,VALIDATED_YES_UMA_REVEAL,255551.08146351253,255551.08,0x8fefbd0798d702529c8fce86bf43975bdd270c318d7c168468c01400ddeb7b02,2026-06-17T09:14:23+00:00,1
0x0e5f35f0c4395e19a26f05d10d971efb0ed20049,0x0e5f35f0c4395e19a26f05d10d971efb0ed20049,WORKBOOK_STAKER; EVENT_VOTER,20,20,YES,VALIDATED_YES_UMA_REVEAL,238472.76668597723,238472.77,0x3e4bc4d9be7298a0ae3ccce2db1cbde30d7f07d6fb1717d9cfa0e71d68d49cbf,2026-06-17T08:04:11+00:00,1
0x8d47cd9b8b015b0f3865e8ee0b96b8125bb1f483,0x8d47cd9b8b015b0f3865e8ee0b96b8125bb1f483,WORKBOOK_DELEGATE; EVENT_CALLER,20,20,YES,VALIDATED_YES_UMA_REVEAL,238472.76668597723,238472.77,0x3e4bc4d9be7298a0ae3ccce2db1cbde30d7f07d6fb1717d9cfa0e71d68d49cbf,2026-06-17T08:04:11+00:00,1
0x35a7f9db799649908688826e06ca754ea0153724,0x35a7f9db799649908688826e06ca754ea0153724,WORKBOOK_DELEGATE; EVENT_CALLER,21,21,YES,VALIDATED_YES_UMA_REVEAL,232758.1330009924,232758.13,0x2c356d86d5bf396eb5f3d28ebb8aae592720ef8ba2ea530d2bd17f73e0c047aa,2026-06-17T02:37:35+00:00,2
0x9e307d74b79af7930608065b9ce24b20ed2a0d35,0x9e307d74b79af7930608065b9ce24b20ed2a0d35,WORKBOOK_STAKER; EVENT_VOTER,21,21,YES,VALIDATED_YES_UMA_REVEAL,232758.1330009924,232758.13,0x2c356d86d5bf396eb5f3d28ebb8aae592720ef8ba2ea530d2bd17f73e0c047aa,2026-06-17T02:37:35+00:00,2
0x744c2f5fadbc305d20fc91274b71a6896d294946,0x744c2f5fadbc305d20fc91274b71a6896d294946,WORKBOOK_DELEGATE; EVENT_CALLER,22,22,YES,VALIDATED_YES_UMA_REVEAL,217160.20534398183,217160.21,0x5bdf93fa20456a427e94fe612663ccfe6ae891a443d8a4c0a8de44f02c396dc2,2026-06-17T07:37:35+00:00,2
0xb731ccc5f62e99ea25220bfd73c3867bb5205790,0xb731ccc5f62e99ea25220bfd73c3867bb5205790,WORKBOOK_STAKER; EVENT_VOTER,22,22,YES,VALIDATED_YES_UMA_REVEAL,217160.20534398183,217160.21,0x5bdf93fa20456a427e94fe612663ccfe6ae891a443d8a4c0a8de44f02c396dc2,2026-06-17T07:37:35+00:00,2
0x20ec3d7739fc8ba82014a9cf0a771b427e0b56c0,0x20ec3d7739fc8ba82014a9cf0a771b427e0b56c0,WORKBOOK_STAKER; EVENT_VOTER,23,23,YES,VALIDATED_YES_UMA_REVEAL,214804.743511174,214804.74,0x071a3095eb06eb1d2f80914b55e323608a4948a8588d6cb8e1dd3cf3a5fad50a,2026-06-17T03:11:47+00:00,2
0xfd8355b24ab8815ca2d76d1e495dc29b4330241f,0xfd8355b24ab8815ca2d76d1e495dc29b4330241f,WORKBOOK_DELEGATE; EVENT_CALLER,23,23,YES,VALIDATED_YES_UMA_REVEAL,214804.743511174,214804.74,0x071a3095eb06eb1d2f80914b55e323608a4948a8588d6cb8e1dd3cf3a5fad50a,2026-06-17T03:11:47+00:00,2
0x6573e30ee0ad46bc9afa0c2adb0d3f147d658efe,0x6573e30ee0ad46bc9afa0c2adb0d3f147d658efe,WORKBOOK_STAKER; EVENT_VOTER; EVENT_CALLER,24,24,YES,VALIDATED_YES_UMA_REVEAL,206866.64554940272,206866.65,0x0824921bc20636ede4301185c6fe0b5ae9ac1dc9d1cbed84448193ba8ca04b02,2026-06-17T20:08:59+00:00,2
0x30b2daeb3757b6c7462cd0d776828f8d7398be50,0x30b2daeb3757b6c7462cd0d776828f8d7398be50,WORKBOOK_STAKER; EVENT_VOTER; EVENT_CALLER,25,25,YES,VALIDATED_YES_UMA_REVEAL,196230.1852310648,196230.19,0x470b143d3eab40dcde0b805b954663376e9978383eac53505538b21002af5607,2026-06-17T07:36:47+00:00,2
0x4863fe62d4cd3718bc0c104ec0cb45052d41e44f,0x4863fe62d4cd3718bc0c104ec0cb45052d41e44f,WORKBOOK_STAKER; EVENT_VOTER,26,26,YES,VALIDATED_YES_UMA_REVEAL,192690.5160999451,192690.52,0x95c3fb45a7f2dd8176714db7f1ac1cee61abe13abcdb799df0e669ef5254174c,2026-06-17T11:09:11+00:00,2
0xcf2e28e5e57461254b8b254ae6d03c89d19bf743,0xcf2e28e5e57461254b8b254ae6d03c89d19bf743,WORKBOOK_DELEGATE; EVENT_CALLER,26,26,YES,VALIDATED_YES_UMA_REVEAL,192690.5160999451,192690.52,0x95c3fb45a7f2dd8176714db7f1ac1cee61abe13abcdb799df0e669ef5254174c,2026-06-17T11:09:11+00:00,2
0x1a0d30c0d36ec7fbd1082ce54443acb68ddaf351,0x1a0d30c0d36ec7fbd1082ce54443acb68ddaf351,WORKBOOK_STAKER; EVENT_VOTER,27,27,YES,VALIDATED_YES_UMA_REVEAL,178654.3178719366,178654.32,0x594ebb68e71140b09b08b6fe5571f3029773adc10d4c45e4bd4057a995ac59df,2026-06-17T08:17:47+00:00,2
0xd0a530121747b005af6bed69426092cb525713d5,0xd0a530121747b005af6bed69426092cb525713d5,WORKBOOK_DELEGATE; EVENT_CALLER,27,27,YES,VALIDATED_YES_UMA_REVEAL,178654.3178719366,178654.32,0x594ebb68e71140b09b08b6fe5571f3029773adc10d4c45e4bd4057a995ac59df,2026-06-17T08:17:47+00:00,2
0x0f8fe8e8b7ad38615904a08e821e875fa19d8b67,0x0f8fe8e8b7ad38615904a08e821e875fa19d8b67,WORKBOOK_DELEGATE; EVENT_CALLER,28,28,YES,VALIDATED_YES_UMA_REVEAL,157725.95888342714,157725.96,0x262ce73000f79bcf85f2fea8568acf940c96b1b1127802e1c6563e422d829d5e,2026-06-17T10:03:35+00:00,2
0x89bebc6265fa32861e38ae26e112aa4694b9103a,0x89bebc6265fa32861e38ae26e112aa4694b9103a,WORKBOOK_STAKER; EVENT_VOTER,28,28,YES,VALIDATED_YES_UMA_REVEAL,157725.95888342714,157725.96,0x262ce73000f79bcf85f2fea8568acf940c96b1b1127802e1c6563e422d829d5e,2026-06-17T10:03:35+00:00,2
0x0dd7762e2fe09c9ee2f5acdea19c102f7c16d8c2,0x0dd7762e2fe09c9ee2f5acdea19c102f7c16d8c2,WORKBOOK_DELEGATE; EVENT_CALLER,29,29,YES,VALIDATED_YES_UMA_REVEAL,150355.0794167236,150355.08,0x50d27e0cd56408fcca0478254abfc9f7816f6409d18e3d9d03e1e7e0ae81417e,2026-06-17T07:45:23+00:00,2
0x2d51f7645dd96bcac85a62a3affd70a419776f52,0x2d51f7645dd96bcac85a62a3affd70a419776f52,WORKBOOK_STAKER; EVENT_VOTER,29,29,YES,VALIDATED_YES_UMA_REVEAL,150355.0794167236,150355.08,0x50d27e0cd56408fcca0478254abfc9f7816f6409d18e3d9d03e1e7e0ae81417e,2026-06-17T07:45:23+00:00,2
0x419d955a9c3df6a1b9eb3ebf2d21a3c63a8d57ef,0x419d955a9c3df6a1b9eb3ebf2d21a3c63a8d57ef,WORKBOOK_DELEGATE; EVENT_CALLER,30,30,YES,VALIDATED_YES_UMA_REVEAL,148327.3134875834,148327.31,0xe1bb91311fdfb60b576d16ff1baccd92a7cb41b67c4dcdec9012bcfca22697bf,2026-06-17T06:40:35+00:00,2
0x48f87ad9d4532b1db5fef365a56d8035e88579be,0x48f87ad9d4532b1db5fef365a56d8035e88579be,WORKBOOK_STAKER; EVENT_VOTER,30,30,YES,VALIDATED_YES_UMA_REVEAL,148327.3134875834,148327.31,0xe1bb91311fdfb60b576d16ff1baccd92a7cb41b67c4dcdec9012bcfca22697bf,2026-06-17T06:40:35+00:00,2
0x240d2243d90e8968d0c8e807202bc8a2de0dc53c,0x240d2243d90e8968d0c8e807202bc8a2de0dc53c,WORKBOOK_STAKER; EVENT_VOTER; EVENT_CALLER,31,31,YES,VALIDATED_YES_UMA_REVEAL,143537.47558868295,143537.48,0x84aa038bfd375de8064cc1eea867fa224776ed453e6d22683de7caf3b91c993b,2026-06-17T13:13:23+00:00,2
0x5869458f360d8c1ce49e35fccb3d0a1f25e8d533,0x5869458f360d8c1ce49e35fccb3d0a1f25e8d533,WORKBOOK_STAKER; EVENT_VOTER,33,33,YES,VALIDATED_YES_UMA_REVEAL,124208.61442421516,124208.61,0x688e4bb19a8e70a48ede0f0def95b8d2b380047c68a6b0e98067ce18320c98d3,2026-06-17T01:22:59+00:00,2
0xb6e74e6fd559f9207679d128dddbb35b9042a166,0xb6e74e6fd559f9207679d128dddbb35b9042a166,WORKBOOK_DELEGATE; EVENT_CALLER,33,33,YES,VALIDATED_YES_UMA_REVEAL,124208.61442421516,124208.61,0x688e4bb19a8e70a48ede0f0def95b8d2b380047c68a6b0e98067ce18320c98d3,2026-06-17T01:22:59+00:00,2
0xc12fa1c74c5d97c8eae9c16ab9df28837d9d39ee,0xc12fa1c74c5d97c8eae9c16ab9df28837d9d39ee,WORKBOOK_STAKER; EVENT_VOTER,34,34,YES,VALIDATED_YES_UMA_REVEAL,122819.3871090956,122819.39,0xc41f333d8bc1e0b84e8c3076f8b0dc06c62397b2599deeff323ad8ef3655949c,2026-06-17T17:17:23+00:00,2
0xfa93e76bb7de1071d6f9c0f77af883c2a944b2d1,0xfa93e76bb7de1071d6f9c0f77af883c2a944b2d1,WORKBOOK_DELEGATE; EVENT_CALLER,34,34,YES,VALIDATED_YES_UMA_REVEAL,122819.3871090956,122819.39,0xc41f333d8bc1e0b84e8c3076f8b0dc06c62397b2599deeff323ad8ef3655949c,2026-06-17T17:17:23+00:00,2
0x92d76b5d5ee767a4a90719a9a910936dc4006fc6,0x92d76b5d5ee767a4a90719a9a910936dc4006fc6,WORKBOOK_STAKER; EVENT_VOTER,35,35,YES,VALIDATED_YES_UMA_REVEAL,119579.91273358968,119579.91,0xa304d2b251a79d28c37e011138598fd807ca5b1bd1ada07dd1d9167e17896ff0,2026-06-17T09:55:47+00:00,2
0xfcfa494c13409172109f161c428499b39682ffa4,0xfcfa494c13409172109f161c428499b39682ffa4,WORKBOOK_DELEGATE; EVENT_CALLER,35,35,YES,VALIDATED_YES_UMA_REVEAL,119579.91273358968,119579.91,0xa304d2b251a79d28c37e011138598fd807ca5b1bd1ada07dd1d9167e17896ff0,2026-06-17T09:55:47+00:00,2
0xb09080c5ac5adc483208dfbe22f8684eec907c17,0xb09080c5ac5adc483208dfbe22f8684eec907c17,WORKBOOK_DELEGATE; EVENT_CALLER,36,36,YES,VALIDATED_YES_UMA_REVEAL,103362.99702466548,103363.0,0x1b09ea11c4b624b359e58a4fac1e944e287bf991bb944a89d511c49659a15e6b,2026-06-17T01:24:59+00:00,2
0xcd16c08f73cd87558304ce2209fca69ac5885e69,0xcd16c08f73cd87558304ce2209fca69ac5885e69,WORKBOOK_STAKER; EVENT_VOTER,36,36,YES,VALIDATED_YES_UMA_REVEAL,103362.99702466548,103363.0,0x1b09ea11c4b624b359e58a4fac1e944e287bf991bb944a89d511c49659a15e6b,2026-06-17T01:24:59+00:00,2
0x9b8f31d4a132cfd3425eef49076e56e60dc1ed2f,0x9b8f31d4a132cfd3425eef49076e56e60dc1ed2f,WORKBOOK_STAKER; EVENT_VOTER,37,37,YES,VALIDATED_YES_UMA_REVEAL,100718.15993025916,100718.16,0x31c9292582ff5d3371a80ab9a7be9d153915ba67227921562737311ebcb93994,2026-06-17T03:39:23+00:00,2
0xf39695c39eacdf81d146ce6667e81476ea9b3fa7,0xf39695c39eacdf81d146ce6667e81476ea9b3fa7,WORKBOOK_DELEGATE; EVENT_CALLER,37,37,YES,VALIDATED_YES_UMA_REVEAL,100718.15993025916,100718.16,0x31c9292582ff5d3371a80ab9a7be9d153915ba67227921562737311ebcb93994,2026-06-17T03:39:23+00:00,2
0x8b64673c9a482913a6e2c1298637532947cd96ee,0x8b64673c9a482913a6e2c1298637532947cd96ee,WORKBOOK_STAKER; EVENT_VOTER,38,38,YES,VALIDATED_YES_UMA_REVEAL,97880.56499336904,97880.57,0xe541c78ab824ddeb1af4b80913abb9d1cbbb77134dd43c83d950c64d6418f032,2026-06-17T06:12:47+00:00,2
0x9bc114cbdf47021f15416e720bc71b5341120e87,0x9bc114cbdf47021f15416e720bc71b5341120e87,WORKBOOK_DELEGATE; EVENT_CALLER,38,38,YES,VALIDATED_YES_UMA_REVEAL,97880.56499336904,97880.57,0xe541c78ab824ddeb1af4b80913abb9d1cbbb77134dd43c83d950c64d6418f032,2026-06-17T06:12:47+00:00,2
0xd48010de315e10d071853b1466f0c273e766fa07,0xd48010de315e10d071853b1466f0c273e766fa07,WORKBOOK_DELEGATE; EVENT_CALLER,39,39,YES,VALIDATED_YES_UMA_REVEAL,96349.17665006044,96349.18,0x191c5ed2df083c3dfe35b1f9f7b315af103a8f0b98eda1c32100aaa014317a92,2026-06-17T07:50:59+00:00,2
0xf0180d4561dbaeaac3b96b7491bfafc94cea4069,0xf0180d4561dbaeaac3b96b7491bfafc94cea4069,WORKBOOK_STAKER; EVENT_VOTER,39,39,YES,VALIDATED_YES_UMA_REVEAL,96349.17665006044,96349.18,0x191c5ed2df083c3dfe35b1f9f7b315af103a8f0b98eda1c32100aaa014317a92,2026-06-17T07:50:59+00:00,2
0x7baa3b328603535006d76d7b80af7260fd8a946a,0x7baa3b328603535006d76d7b80af7260fd8a946a,WORKBOOK_STAKER; EVENT_VOTER; EVENT_CALLER,40,40,YES,VALIDATED_YES_UMA_REVEAL,88234.1379486644,88234.14,0x026e68874c583264c14d2f8b208926d563f0ce0de4a6aeee0c9e0372fa69f3f4,2026-06-17T02:57:47+00:00,2
0x24f16d0cda8c2de21c762e0295c28d7249a972a4,0x24f16d0cda8c2de21c762e0295c28d7249a972a4,WORKBOOK_DELEGATE; EVENT_CALLER,42,42,YES,VALIDATED_YES_UMA_REVEAL,78913.58044047216,78913.58,0x67bd68602ebad7c7379a084c7784585f5c4f382b3317c02b7d0d8e7a5c9a9b87,2026-06-17T00:04:35+00:00,2
0x6391098e7404210be5b4b67c1bb6c1bdf4be194a,0x6391098e7404210be5b4b67c1bb6c1bdf4be194a,WORKBOOK_STAKER; EVENT_VOTER,42,42,YES,VALIDATED_YES_UMA_REVEAL,78913.58044047216,78913.58,0x67bd68602ebad7c7379a084c7784585f5c4f382b3317c02b7d0d8e7a5c9a9b87,2026-06-17T00:04:35+00:00,2
0x69d0a6ccb76f3f7ef96dada03b01b555e76fa819,0x69d0a6ccb76f3f7ef96dada03b01b555e76fa819,WORKBOOK_STAKER; EVENT_VOTER,43,43,YES,VALIDATED_YES_UMA_REVEAL,77718.17750131237,77718.18,0x4e4ff0aea0f02f842658e70a93af582bae6a85a011c83ae592959c4647ed8e12,2026-06-17T21:22:11+00:00,2
0xdd2cb8c9b8fccdc366ae60f4fe1c99813ec0d18e,0xdd2cb8c9b8fccdc366ae60f4fe1c99813ec0d18e,WORKBOOK_DELEGATE; EVENT_CALLER,43,43,YES,VALIDATED_YES_UMA_REVEAL,77718.17750131237,77718.18,0x4e4ff0aea0f02f842658e70a93af582bae6a85a011c83ae592959c4647ed8e12,2026-06-17T21:22:11+00:00,2
0x27064cc4fe5bd5a20d0e5a21390a45f5a44bf7d3,0x27064cc4fe5bd5a20d0e5a21390a45f5a44bf7d3,WORKBOOK_DELEGATE; EVENT_CALLER,44,44,YES,VALIDATED_YES_UMA_REVEAL,75128.654421082,75128.65,0x19af056b91625784222bf943875b4e5ddc9b083628c96164038f88d3ae085e1e,2026-06-17T13:17:11+00:00,2
0xed92d127277fae0dba3490b724f81dcb95a8a7b0,0xed92d127277fae0dba3490b724f81dcb95a8a7b0,WORKBOOK_STAKER; EVENT_VOTER,44,44,YES,VALIDATED_YES_UMA_REVEAL,75128.654421082,75128.65,0x19af056b91625784222bf943875b4e5ddc9b083628c96164038f88d3ae085e1e,2026-06-17T13:17:11+00:00,2
0xa8e20d1b16c2821c2e17a58eb9c92c2ec7699283,0xa8e20d1b16c2821c2e17a58eb9c92c2ec7699283,WORKBOOK_DELEGATE; EVENT_CALLER,45,45,YES,VALIDATED_YES_UMA_REVEAL,61675.47209514313,61675.47,0x6ade3b6f0956137352304e8b5d659d546f49bae75d0dfe8a4f78152d20706d0b,2026-06-17T22:03:23+00:00,2
0xa9b0d5c5e012cb47dd473fe3cea272b5f716c344,0xa9b0d5c5e012cb47dd473fe3cea272b5f716c344,WORKBOOK_STAKER; EVENT_VOTER,45,45,YES,VALIDATED_YES_UMA_REVEAL,61675.47209514313,61675.47,0x6ade3b6f0956137352304e8b5d659d546f49bae75d0dfe8a4f78152d20706d0b,2026-06-17T22:03:23+00:00,2
0x79c8039c0cfbdc3cdf8d66efb1ad2836e698ea3c,0x79c8039c0cfbdc3cdf8d66efb1ad2836e698ea3c,WORKBOOK_DELEGATE; EVENT_CALLER,46,46,YES,VALIDATED_YES_UMA_REVEAL,60979.60659265734,60979.61,0x7a4a29d4766e76a08260193e04fcaa4b792b7c44c322e1a9ea1aad6133ac4cd3,2026-06-17T12:38:11+00:00,2
0xc9e8233c2c5476cda4f96595bbb3a9d117168df5,0xc9e8233c2c5476cda4f96595bbb3a9d117168df5,WORKBOOK_STAKER; EVENT_VOTER,46,46,YES,VALIDATED_YES_UMA_REVEAL,60979.60659265734,60979.61,0x7a4a29d4766e76a08260193e04fcaa4b792b7c44c322e1a9ea1aad6133ac4cd3,2026-06-17T12:38:11+00:00,2
0x44a836d78305a80a45a203addd0fb82485dd16bb,0x44a836d78305a80a45a203addd0fb82485dd16bb,WORKBOOK_STAKER; EVENT_VOTER,47,47,YES,VALIDATED_YES_UMA_REVEAL,55050.76714830729,55050.77,0x8f8884b0b91477a58944bfd274520037b3306b1d70f5c24c5a7192025dacd6aa,2026-06-17T01:21:59+00:00,2
0x841499f8f5f869c20886d581641dc181e9c6b672,0x841499f8f5f869c20886d581641dc181e9c6b672,WORKBOOK_DELEGATE; EVENT_CALLER,47,47,YES,VALIDATED_YES_UMA_REVEAL,55050.76714830729,55050.77,0x8f8884b0b91477a58944bfd274520037b3306b1d70f5c24c5a7192025dacd6aa,2026-06-17T01:21:59+00:00,2
0xa4d849e3b972088f72ed2899f2945410cd784ba7,0xa4d849e3b972088f72ed2899f2945410cd784ba7,WORKBOOK_DELEGATE; EVENT_CALLER,48,48,YES,VALIDATED_YES_UMA_REVEAL,50481.17601486244,50481.18,0xa079c05fa16357c035c68126a38c8d7ed9ea81496afe57d70b138108ed11a9af,2026-06-17T13:04:47+00:00,2
0xe6643d4bc9ef9a7b4a1d52a5d6b7df97daf6431e,0xe6643d4bc9ef9a7b4a1d52a5d6b7df97daf6431e,WORKBOOK_STAKER; EVENT_VOTER,48,48,YES,VALIDATED_YES_UMA_REVEAL,50481.17601486244,50481.18,0xa079c05fa16357c035c68126a38c8d7ed9ea81496afe57d70b138108ed11a9af,2026-06-17T13:04:47+00:00,2
0x82ac3585ab4c876acf7bc28cb6833a65ba7ec7db,0x82ac3585ab4c876acf7bc28cb6833a65ba7ec7db,WORKBOOK_DELEGATE; EVENT_CALLER,49,49,YES,VALIDATED_YES_UMA_REVEAL,50255.69801731898,50255.7,0x96d4fb575ac01d58710966d52f58f25bd1dbf4aef67d423ab276bb51ddc47d92,2026-06-17T13:05:47+00:00,2
0xc514ee0ec7d8cd86d32b60cbbe753f115959ed00,0xc514ee0ec7d8cd86d32b60cbbe753f115959ed00,WORKBOOK_STAKER; EVENT_VOTER,49,49,YES,VALIDATED_YES_UMA_REVEAL,50255.69801731898,50255.7,0x96d4fb575ac01d58710966d52f58f25bd1dbf4aef67d423ab276bb51ddc47d92,2026-06-17T13:05:47+00:00,2
0x18f7f5243263e84ee8de50ca6c704b3415669222,0x18f7f5243263e84ee8de50ca6c704b3415669222,WORKBOOK_STAKER; EVENT_VOTER,51,51,YES,VALIDATED_YES_UMA_REVEAL,42894.06471104273,42894.06,0x9fe57d13e0af3a8fb9a5dab152ad10e54301e4c692f618027e19e9d2f117fc1b,2026-06-17T17:14:11+00:00,2
0x1cee194da1eefe344fb2e7f46fab7d3a65c078e5,0x1cee194da1eefe344fb2e7f46fab7d3a65c078e5,WORKBOOK_DELEGATE; EVENT_CALLER,51,51,YES,VALIDATED_YES_UMA_REVEAL,42894.06471104273,42894.06,0x9fe57d13e0af3a8fb9a5dab152ad10e54301e4c692f618027e19e9d2f117fc1b,2026-06-17T17:14:11+00:00,2
0xa7b9d5fc54eb3ffe1985a10e28d045a9b89487d0,0xa7b9d5fc54eb3ffe1985a10e28d045a9b89487d0,WORKBOOK_STAKER; EVENT_VOTER,52,52,YES,VALIDATED_YES_UMA_REVEAL,40412.0401496152,40412.04,0x2bf9613b74a61c14ebd952d3a2c7125976f294a2d3ab935509fc1aff08ccdb55,2026-06-17T01:19:35+00:00,2
0xb397dee549e3fdf24c82b72707cb6fcd849d214f,0xb397dee549e3fdf24c82b72707cb6fcd849d214f,WORKBOOK_DELEGATE; EVENT_CALLER,52,52,YES,VALIDATED_YES_UMA_REVEAL,40412.0401496152,40412.04,0x2bf9613b74a61c14ebd952d3a2c7125976f294a2d3ab935509fc1aff08ccdb55,2026-06-17T01:19:35+00:00,2
0x060b1eb582790cdfa8e56afebfc4fcafcd2081fa,0x060b1eb582790cdfa8e56afebfc4fcafcd2081fa,WORKBOOK_STAKER; EVENT_VOTER,53,53,YES,VALIDATED_YES_UMA_REVEAL,40342.344770999705,40342.34,0xf82734cb6e638032a2580a494aa027ed16745f26a053d29172503f11df20d862,2026-06-17T01:19:11+00:00,2
0x342f40fc637e631f669a5b38fa4fc94dcdd7dbed,0x342f40fc637e631f669a5b38fa4fc94dcdd7dbed,WORKBOOK_DELEGATE; EVENT_CALLER,53,53,YES,VALIDATED_YES_UMA_REVEAL,40342.344770999705,40342.34,0xf82734cb6e638032a2580a494aa027ed16745f26a053d29172503f11df20d862,2026-06-17T01:19:11+00:00,2
0xefe1fcede58d10606e89fdcf7539035686c7e2ad,0xefe1fcede58d10606e89fdcf7539035686c7e2ad,WORKBOOK_STAKER; EVENT_VOTER; EVENT_CALLER,54,54,YES,VALIDATED_YES_UMA_REVEAL,39605.1701428329,39605.17,0x751397027d832b6f7f15129489a4d647575c3c7472bf7cfbf7c82ccc8e970704,2026-06-17T08:00:47+00:00,2
0x69d0341d380a1229f4751a0a721345dbc716586c,0x69d0341d380a1229f4751a0a721345dbc716586c,WORKBOOK_STAKER; EVENT_VOTER; EVENT_CALLER,55,55,YES,VALIDATED_YES_UMA_REVEAL,39412.87068605296,39412.87,0x16baab650aaf158a320f03c146dfe3daf5ffb58fd47df59be7a5086411e2542b,2026-06-17T05:27:23+00:00,2
0xb7351893b4108a62cd765cdaa8ed6e8544e9bbf2,0xb7351893b4108a62cd765cdaa8ed6e8544e9bbf2,WORKBOOK_DELEGATE; EVENT_CALLER,57,57,YES,VALIDATED_YES_UMA_REVEAL,34243.0716993954,34243.07,0x052a28ca2ca243ef2e0b547994f2eb8b1c7a63db4fc04591c7bd25c9aa6ecbc8,2026-06-17T13:29:59+00:00,2
0xe348855eba9f8b179fe379dbb6f776e40f46484c,0xe348855eba9f8b179fe379dbb6f776e40f46484c,WORKBOOK_STAKER; EVENT_VOTER,57,57,YES,VALIDATED_YES_UMA_REVEAL,34243.0716993954,34243.07,0x052a28ca2ca243ef2e0b547994f2eb8b1c7a63db4fc04591c7bd25c9aa6ecbc8,2026-06-17T13:29:59+00:00,2
0x47a40a367b3298be3da3bde3994c5342e26f368b,0x47a40a367b3298be3da3bde3994c5342e26f368b,WORKBOOK_STAKER; EVENT_VOTER; EVENT_CALLER,58,58,YES,VALIDATED_YES_UMA_REVEAL,29926.412192806754,29926.41,0xbfb4dd9efbbb887d79288f57838bd1a4cc574917a6e357ebd44395f686efe248,2026-06-17T00:17:23+00:00,2
0x49b3fb1b5e6c6ae2a0f15de68f73f9e5cf99bd78,0x49b3fb1b5e6c6ae2a0f15de68f73f9e5cf99bd78,WORKBOOK_STAKER; EVENT_VOTER; EVENT_CALLER,59,59,YES,VALIDATED_YES_UMA_REVEAL,25801.46260258077,25801.46,0x6e003633e3c398e41d0d9c87a50d0230058a9c96f75e87c81ec0cba7b3c5478c,2026-06-17T00:15:23+00:00,2
0x126db3213b309a8d554594e591e614425ccac78e,0x126db3213b309a8d554594e591e614425ccac78e,WORKBOOK_STAKER; EVENT_VOTER; EVENT_CALLER,60,60,YES,VALIDATED_YES_UMA_REVEAL,25225.471457678774,25225.47,0x7b593bb65a345639a7847f989c1a2749163874469ab1408b56d332fee289c407,2026-06-17T00:28:59+00:00,2
