proxyWallet,walletPattern,conditionId,marketRelationType,marketQuestion,marketSlug,yesTokenId,yesIn,yesOut,yesNet,transferCount,firstTransferUTC,lastTransferUTC,txHashCount,sampleTxHashes
0x02e7f29f3e612a95a9ccca7131ce7dd5d56b59e5,BOUGHT_TARGET_AND_FUTURE_MARKETS,0xd86a816093fcd0a0e1ca440bc5ce199bd3c5a8d6139e044b076958164f8c5423,TARGET_JUNE_15_MARKET,"US x Iran permanent peace deal by June 15, 2026?",us-x-iran-permanent-peace-deal-by-june-15-2026-734-856-129,5904694069529905826680225678119990013628860098514322777023141327768111791078,652872.58,0.0,652872.58,96,2026-06-17T23:02:37+00:00,2026-06-18T00:23:22+00:00,37,0x0008f302b4ed299f464ec23189a54595f3178fcb0de212db6662bba75d1d2e11; 0x0180f674328f16e5305735495fdd07d62d2c849873baa6c5de8d621bd6f58087; 0x1546772f516d6258e33bec4dbb75faefcc9f16f288bb6549990b45301fe2d55d; 0x1602b40ce869a291252ba7a494a17dbcc6dd1b3b8b6778f56d5ad4d17316d6d4; 0x16dd813086c71b641ba75318aaaed8dc4167430766254f4465f73363b9ccfb86
0x44c1dfe43260c94ed4f1d00de2e1f80fb113ebc1,BOUGHT_FUTURE_MARKETS_ONLY,0x0e4a0c937b8934c2475613b6322b3f8edc8dedc24762e01e42b0e6f87424a089,RELATED_OR_FUTURE_MARKET,"US x Iran permanent peace deal by May 31, 2026?",us-x-iran-permanent-peace-deal-by-may-31-2026-333-871-241-192-799-449-125,72094069823942324362885404801938332659316240217382754851102758232469673300092,499999.9370000001,0.0,499999.9370000001,154,2026-06-01T01:56:16+00:00,2026-06-01T02:35:32+00:00,54,0x01a9ac1cdd0257d3bd5e9d515946ce41324b52665fb66a9ff8863e19e6ce02d9; 0x0a152aecc41bf01c67a337a28cc0a8b765492d1b00109dda1347fc2363f7d72b; 0x0e56a06ed48041e37786de9ce7733f4ba5a395c09d96c9f0b7b50f50ad6f710d; 0x122fe466aa1298c4c8dceb8ec5a9b39c414c5f266855f4e829c109af33c9a7eb; 0x134debb4459d134fdd2ae45a3d164f8a92398faef867e7a560f0255159deae23
0x4c358f830cea4ee26a301ed0faef418bc149fcfe,BOUGHT_FUTURE_MARKETS_ONLY,0x6114a8a3f9ac214f48a7e20d169f1c7a5c84082cb6f7058ed9fe1137b11fd0e7,RELATED_OR_FUTURE_MARKET,"US x Iran permanent peace deal by June 30, 2026?",us-x-iran-permanent-peace-deal-by-june-30-2026-837-641-896-877-363-892-537-597,31867385211987925701696042012772036156561382644688734856312468506547392739862,444805.3,0.0,444805.3,94,2026-06-17T16:21:25+00:00,2026-06-17T17:49:17+00:00,45,0x0903caac71f888a524a23aef79a353001b1c4c5128b9c6cdabdbb46b8f5c9773; 0x111e0d3cf1a861566d397090b0ed63d963787bef388bc96d3c25919ac75921e8; 0x1509f6fdef97c5ae5efdb0977d02f31d41d9edb30c7b8940f566f897585b0676; 0x1ee44340940e102633a5cffed7ca20672f0af32bd229702a1de2f5aee88d90c2; 0x20c750584e827c813327bc7bdf7752a3b246c40dd7c98560cb802cbb76faaf69
0x1295269296e51cd28a3db85fa6728c0e352b5cfd,BOUGHT_FUTURE_MARKETS_ONLY,0x6114a8a3f9ac214f48a7e20d169f1c7a5c84082cb6f7058ed9fe1137b11fd0e7,RELATED_OR_FUTURE_MARKET,"US x Iran permanent peace deal by June 30, 2026?",us-x-iran-permanent-peace-deal-by-june-30-2026-837-641-896-877-363-892-537-597,31867385211987925701696042012772036156561382644688734856312468506547392739862,249013.47999400002,0.0,249013.47999400002,23,2026-06-17T18:13:47+00:00,2026-06-17T18:43:55+00:00,8,0x1bd506119be5b3007c1c0ae96d992f3ef68ea10e5e5afb68e38d7d80e9332498; 0x23fb943c891f899b58319541df98b793d7e6a572189f25d2082748b6bdebdaa2; 0x4c47246e81637a52db7571c524f3af3150191fee326115a9b19e11ea0c22d0db; 0x6260c1c2be716cd879e631f7fefc0c510847f0a3519d7902558de16a8390672b; 0x6c3c5b84ddb5df74ff277a6075892831a78c8e0f22446cae4a17f489246ab222
0x88edd092d799556111e57ff3b2107e24dd406cfb,BOUGHT_TARGET_AND_FUTURE_MARKETS,0xd86a816093fcd0a0e1ca440bc5ce199bd3c5a8d6139e044b076958164f8c5423,TARGET_JUNE_15_MARKET,"US x Iran permanent peace deal by June 15, 2026?",us-x-iran-permanent-peace-deal-by-june-15-2026-734-856-129,5904694069529905826680225678119990013628860098514322777023141327768111791078,216285.04000000004,0.0,216285.04000000004,45,2026-06-17T23:22:26+00:00,2026-06-18T00:15:40+00:00,16,0x18253d5783552bfbf36549ded77caff0479e61a171d2aff78a7715078e42d419; 0x1d08ec24e5cf15bee3dbbcb708f123dd2bbb2757aee6a4a35cce969fde573e1f; 0x39d604d48b1bce3bd3e8a7b274fd858915437986251dd24386c53a1f7259bf0f; 0x3be67b9c2cfab8b03529b0d57bebde1b7dcf54b3d6ce8a67986d577380c3aaf1; 0x4e15335cb4aae813103861ff1ea2f94372e50b22015c86d7b17e10c6aa1b513c
0x24c8cf69a0e0a17eee21f69d29752bfa32e823e1,BOUGHT_TARGET_AND_FUTURE_MARKETS,0x6114a8a3f9ac214f48a7e20d169f1c7a5c84082cb6f7058ed9fe1137b11fd0e7,RELATED_OR_FUTURE_MARKET,"US x Iran permanent peace deal by June 30, 2026?",us-x-iran-permanent-peace-deal-by-june-30-2026-837-641-896-877-363-892-537-597,31867385211987925701696042012772036156561382644688734856312468506547392739862,202531.89,0.0,202531.89,81,2026-06-17T17:29:25+00:00,2026-06-17T21:54:14+00:00,36,0x07431ed54feffa6f276c81ae1322f7cc849b409666de3152fd3a06f44a47320b; 0x0f548a8cdc90823e06594a1347662b3c127feab34f3c27f662e079b3f10da902; 0x1044aaee5e59f587ccbffe3c553a3f88256aaca68a383fcba619d05ac80d94b7; 0x1658d45c66d0b4c012d1ef0374259b214b0f7351fff8723685ef4eae6c7a2360; 0x1bced8c14bdaeffc9df66cf3a80428dc570567e8ae01a431cd17a0a4596157c7
0x4c358f830cea4ee26a301ed0faef418bc149fcfe,BOUGHT_FUTURE_MARKETS_ONLY,0x20af55ab35186377b81219db6cb8615240cba42cea41731091be9484a5f5b122,RELATED_OR_FUTURE_MARKET,"US x Iran permanent peace deal by July 31, 2026?",us-x-iran-permanent-peace-deal-by-july-31-2026-831-252,99566541619640652317512639709808184120400767516277184685355777020179304540844,151045.6,0.0,151045.6,16,2026-06-17T14:58:34+00:00,2026-06-17T15:04:40+00:00,6,0x5e914a341959004ccc66441797c81b3ca01b98bf9e2706a3b20846f3b79389dc; 0x8df6c88274b27d40a8f9de36406bb0a87ddaa79578269652e2c0fa736f20039e; 0xad325feca1453f0253140b74c6dce593bd9c4b2e0e763071db5eeb9ab86565d2; 0xd0f318987b6b8659bdc2f285505e2c2ee5c1bd481b80e7284fee81ad931266cb; 0xdfa566de93ad86ee1a1bc6787c668cc3bb973efe4c3ead401250bcbfcdf579cc
0x0c101db716b0d39f7b7431e7f5edbc3cc9adf96a,BOUGHT_FUTURE_MARKETS_ONLY,0x6114a8a3f9ac214f48a7e20d169f1c7a5c84082cb6f7058ed9fe1137b11fd0e7,RELATED_OR_FUTURE_MARKET,"US x Iran permanent peace deal by June 30, 2026?",us-x-iran-permanent-peace-deal-by-june-30-2026-837-641-896-877-363-892-537-597,31867385211987925701696042012772036156561382644688734856312468506547392739862,135666.38,0.0,135666.38,68,2026-06-17T19:03:22+00:00,2026-06-17T19:44:41+00:00,51,0x00c26bfd941b5914a86f3129e65166b0092ce2864f0d30e0bcf407c27206934a; 0x012558140308d4c2aac29adbbb6f284c42ad0b17de6883281bc6c98cc8cb2942; 0x0de8dde65244ad212c0dfca1f86bdbdf2815d9af4c153c46c87f62b371cd8a79; 0x0e66645914ad4ae0060c3aadf96a9e14a3c8a1625082caf0aebc6e0e396e8b8b; 0x1089433f09eaf0df99e5e9b62550c406047cd2dcc461a2b72d58d2dc059dbd7a
0xebc6257296364265b17cb6e2d605c66d14fdd45f,BOUGHT_FUTURE_MARKETS_ONLY,0x9769f78cbc95a5ed11895e6064bac471d8fd8f930b260cf581b68d3f58630d27,RELATED_OR_FUTURE_MARKET,"US x Iran permanent peace deal by December 31, 2026?",us-x-iran-permanent-peace-deal-by-december-31-2026-961-587-341-574-555-817,104718292808309433767402444061650910790437726449955521731268760928480423099204,104873.13,0.0,104873.13,21,2026-06-17T16:36:05+00:00,2026-06-17T18:09:13+00:00,14,0x063d0039d4d289b0942ce1d392fa438e2457b03a68b77c1bbd3d922d7d04ba2c; 0x18f5c7210ef9f3c3ed9137f3cff586610f17d3b94ae0310dcc44e6d110beb41a; 0x21b4c73cdba284cebd42829fc83b931f4ee5e22d9832d53bd669deabc7e76769; 0x4e014029a3304c1e1845f1bc0ef671bfad0466be13e86441398605adafeb5ba4; 0x590374d268df367b0810ba17559bd1b61786e8e11d10a22970da9966af4053f4
0x3670279e844f5005d7ed8cc37ca562eaadef34f9,BOUGHT_TARGET_AND_FUTURE_MARKETS,0x20af55ab35186377b81219db6cb8615240cba42cea41731091be9484a5f5b122,RELATED_OR_FUTURE_MARKET,"US x Iran permanent peace deal by July 31, 2026?",us-x-iran-permanent-peace-deal-by-july-31-2026-831-252,99566541619640652317512639709808184120400767516277184685355777020179304540844,100000.0,0.0,100000.0,4,2026-06-17T19:28:14+00:00,2026-06-17T19:28:14+00:00,1,0x6e8e0c89c9d2827dfb01140dfd12faf3ea9f678526969a44e130131333e512b6
0x5ccf62ac8155e49bc7d021a1a66e9ef18f5579d7,BOUGHT_TARGET_AND_FUTURE_MARKETS,0xc5331256bff341491df0656772c4245a99a483c58eeda2faa70fa6bb8b7b0405,RELATED_OR_FUTURE_MARKET,"US x Iran permanent peace deal by May 8, 2026?",us-x-iran-permanent-peace-deal-by-may-8-2026,53886837528295918199173213040710747917684350390439332312874024244950707854931,90031.60766600001,0.0,90031.60766600001,24,2026-05-09T00:25:26+00:00,2026-05-09T00:39:19+00:00,8,0x0717182b7cad884e374a23f9cce49ac514dbdd1f103110b20dd226577cc3468a; 0x19f3b6b0e20e82565c9ce3c2464a292b3a554fcb6a5e6449b37e2b40e9da83de; 0x27d6e93f16a0adde814c3e1c0c305092d04a7b95c67b87da2e42236dd6c12d6f; 0x4335ba5b760ce1b4191c1ddbede9b40448da70902dacf16b261fc11185857217; 0x74c3ac219591f83b62fbd0624067a9fbbc001beb1904582863cd54658bf22725
0xd189664c5308903476f9f079820431e4fd7d06f4,BOUGHT_FUTURE_MARKETS_ONLY,0x9769f78cbc95a5ed11895e6064bac471d8fd8f930b260cf581b68d3f58630d27,RELATED_OR_FUTURE_MARKET,"US x Iran permanent peace deal by December 31, 2026?",us-x-iran-permanent-peace-deal-by-december-31-2026-961-587-341-574-555-817,104718292808309433767402444061650910790437726449955521731268760928480423099204,87776.80666500001,0.0,87776.80666500001,89,2026-06-16T23:53:38+00:00,2026-06-17T17:01:41+00:00,45,0x10adec5a2d7f058040389f4141add346ba0198f24fd1edd997dc3f54a75f0ca2; 0x19ec7391a5f28c76369d558b20f11c11410c136e6f21528c5c71f04896bd54df; 0x2fb429d2aaf42dad1804de2267443a533bbdda37b2daa92fd4ecbf640af3de57; 0x34aabda60573a51833f746a0c8f787f6ef36367bd206c86d24163e1900d4a982; 0x3856e97d747606f6923883e49ce72d15f4c10e7d0b985c1dab6456e18839604c
0x40604cb1f958c03bea0b18aa43e4cb0d62f33ec3,BOUGHT_TARGET_AND_FUTURE_MARKETS,0xd86a816093fcd0a0e1ca440bc5ce199bd3c5a8d6139e044b076958164f8c5423,TARGET_JUNE_15_MARKET,"US x Iran permanent peace deal by June 15, 2026?",us-x-iran-permanent-peace-deal-by-june-15-2026-734-856-129,5904694069529905826680225678119990013628860098514322777023141327768111791078,86255.85,0.0,86255.85,67,2026-06-17T23:55:25+00:00,2026-06-18T00:00:52+00:00,41,0x0c99619df7244ff051efcd3eb42173161829e3d4c6d529e3a9805b3cdfcfd718; 0x1de563581b629659df80342d17e64a002df38c3521257e990db3a8d8657f040b; 0x264b683e9246ed5697c96c43ee9c517e87022b2717bb761830b93d1585a0f6b6; 0x2e1e1040e42457fe0eedc6847669f37bcfaa2fd2a3a68c3a60cbe0a69e53ec32; 0x30a1172d4d3b8528b1d2b9a72db1e7adce56aafa8212ad8382c1914b0da502a0
0x8ebfdc251c6c378d4a3a54a8f15cebfa4b9183ce,BOUGHT_TARGET_AND_FUTURE_MARKETS,0x9769f78cbc95a5ed11895e6064bac471d8fd8f930b260cf581b68d3f58630d27,RELATED_OR_FUTURE_MARKET,"US x Iran permanent peace deal by December 31, 2026?",us-x-iran-permanent-peace-deal-by-december-31-2026-961-587-341-574-555-817,104718292808309433767402444061650910790437726449955521731268760928480423099204,84494.63,0.0,84494.63,2,2026-06-17T08:27:10+00:00,2026-06-17T08:27:10+00:00,1,0x4e951cd6708ee3ada551acf5f3131fd95b8688334206322ac9999c68188dc2ed
0x8ebfdc251c6c378d4a3a54a8f15cebfa4b9183ce,BOUGHT_TARGET_AND_FUTURE_MARKETS,0x6114a8a3f9ac214f48a7e20d169f1c7a5c84082cb6f7058ed9fe1137b11fd0e7,RELATED_OR_FUTURE_MARKET,"US x Iran permanent peace deal by June 30, 2026?",us-x-iran-permanent-peace-deal-by-june-30-2026-837-641-896-877-363-892-537-597,31867385211987925701696042012772036156561382644688734856312468506547392739862,81107.28,0.0,81107.28,26,2026-06-17T18:01:43+00:00,2026-06-17T18:14:38+00:00,6,0x16d4a3cd3c2a05e07f0db8be9d2497c11c2c314aa162b69e6e988fbd2aac77cd; 0x58addc691670afc9095c9a8f4090162eaf0115dd1fe9096ad7eb6e755f01437b; 0x62351714b7f6cf0825b103cee3d0b298b5c4c3424644b426680260aa1e543cd4; 0x6d7a9b0214c5d8f09a239a5cf0db5d6db669c18a6202ac92828868625c385b4f; 0xacb82924f49cbbc1861a63a116f426c962530ae24f0de79498c0c2eee2b65d96
0x7c3db723f1d4d8cb9c550095203b686cb11e5c6b,BOUGHT_TARGET_AND_FUTURE_MARKETS,0xd86a816093fcd0a0e1ca440bc5ce199bd3c5a8d6139e044b076958164f8c5423,TARGET_JUNE_15_MARKET,"US x Iran permanent peace deal by June 15, 2026?",us-x-iran-permanent-peace-deal-by-june-15-2026-734-856-129,5904694069529905826680225678119990013628860098514322777023141327768111791078,77777.0,0.0,77777.0,20,2026-06-17T23:45:31+00:00,2026-06-17T23:50:56+00:00,7,0x548f1625c1a7bd7e08c4a2e4d32e63a658e042e220b60a8e73e3dcb65b85bea9; 0x5e30e64677fe630dce278053087ef375f81ad406611989f09c931d8ba65ea30a; 0x6aa15de989849eb650c38af159d4a7db488fc4d1a8de7563dc150ba3d16fb04c; 0xa08a5c056d8aef5728a23ad1c04bd209244ef339f2297b6d9c1a48bd2c6f61ea; 0xc3d47a7e117d23e0b40e048323419e1acf896ba971493002faa43dec17539bec
0x02e7f29f3e612a95a9ccca7131ce7dd5d56b59e5,BOUGHT_TARGET_AND_FUTURE_MARKETS,0x6114a8a3f9ac214f48a7e20d169f1c7a5c84082cb6f7058ed9fe1137b11fd0e7,RELATED_OR_FUTURE_MARKET,"US x Iran permanent peace deal by June 30, 2026?",us-x-iran-permanent-peace-deal-by-june-30-2026-837-641-896-877-363-892-537-597,31867385211987925701696042012772036156561382644688734856312468506547392739862,56098.09,0.0,56098.09,44,2026-06-17T19:46:19+00:00,2026-06-18T00:15:28+00:00,30,0x120db93813c80833fa88aec653978d29be1f4e765b549f41ffe756223c5d40ba; 0x136ec73141302bc787bbceba65e9fed07a1e5a36f42cc06ad115d1f8aababade; 0x1f1d59145c4076cf75919436db5cf5c19630948c52bba412424b4d60e7d0a6f4; 0x204f90295127e4e79d0859e0750ec6e1a0d81d0d0a1ce71341a53c94e821c983; 0x285f5d8270688a23b101c1b1e09d89334102c9864fb9bb5c9e41f1113b7c9840
0x12d6cccfc7470a3f4bafc53599a4779cbf2cf2a8,BOUGHT_FUTURE_MARKETS_ONLY,0x6114a8a3f9ac214f48a7e20d169f1c7a5c84082cb6f7058ed9fe1137b11fd0e7,RELATED_OR_FUTURE_MARKET,"US x Iran permanent peace deal by June 30, 2026?",us-x-iran-permanent-peace-deal-by-june-30-2026-837-641-896-877-363-892-537-597,31867385211987925701696042012772036156561382644688734856312468506547392739862,54211.19000000001,0.0,54211.19000000001,27,2026-06-17T18:02:38+00:00,2026-06-18T00:28:13+00:00,16,0x0148586eccc6143271cb090f2e0914caa621f95abc29a7845a388d50fabbc520; 0x046fa8c4662d3af8b28798858cf2668a36c0742a583be03b3adb7a76029a9135; 0x41733f3b3904e205ad15b49de1924a45a5994469b3ffca277259ba67ab1d27d9; 0x726c0636a4b535da436defa55e19a2e0916361ad7b2f330cc161265df0e615c7; 0x8a17bc434a60dd10170e45469d33b87f0f02d49f3245a0867a47252577b20892
0x44c1dfe43260c94ed4f1d00de2e1f80fb113ebc1,BOUGHT_FUTURE_MARKETS_ONLY,0xc5331256bff341491df0656772c4245a99a483c58eeda2faa70fa6bb8b7b0405,RELATED_OR_FUTURE_MARKET,"US x Iran permanent peace deal by May 8, 2026?",us-x-iran-permanent-peace-deal-by-may-8-2026,53886837528295918199173213040710747917684350390439332312874024244950707854931,50000.0,0.0,50000.0,10,2026-05-08T23:48:34+00:00,2026-05-08T23:51:37+00:00,2,0xa95ec4af9724c8ebb840508a53acd867607f41300cac27f72e09d65a63696fee; 0xc6add4b4010931ec617889fc8e422f216a403fd7f5278f80ac5b71b62e9c5999
0xd189664c5308903476f9f079820431e4fd7d06f4,BOUGHT_FUTURE_MARKETS_ONLY,0xda519921a7090298cbdc56ee838a403a5193c2b3f637aef3e154e52de7b5e79c,RELATED_OR_FUTURE_MARKET,"US x Iran permanent peace deal by August 31, 2026?",us-x-iran-permanent-peace-deal-by-august-31-2026,18350166227701937595781661497315771588029127293300032980353664093725965421470,31347.446665,0.0,31347.446665,39,2026-06-17T00:09:05+00:00,2026-06-17T12:03:37+00:00,18,0x05ca4c2f6b28099a16c5eb523c2fd51dd79de3cb7a3abcc71ccf971acd9a3a6d; 0x2a8d707184396e79482753e4c4f5ba2f0652befce877d8f695b8a8eb6989cff2; 0x2c934f240c8aea35c170027cf15e39cbe867e69b99c9c59d9583e62f7faaad02; 0x3be6458008a74fb43f305401f7cb3a9e8c155e6b1a517528e34db0a2f7bdf094; 0x52f76a95f4682dfe60df14f41b48adc79a317f646f3ac4b98534fe6f96881c93
0x2200b75c27835935a40308779b5656c09ab40f2d,BOUGHT_TARGET_AND_FUTURE_MARKETS,0xd86a816093fcd0a0e1ca440bc5ce199bd3c5a8d6139e044b076958164f8c5423,TARGET_JUNE_15_MARKET,"US x Iran permanent peace deal by June 15, 2026?",us-x-iran-permanent-peace-deal-by-june-15-2026-734-856-129,5904694069529905826680225678119990013628860098514322777023141327768111791078,30000.0,0.0,30000.0,11,2026-06-17T23:40:20+00:00,2026-06-17T23:40:20+00:00,1,0x67c3b40bdcc0d63ce3e263b780db74bf54e28b894afc7f188e18662e21df0466
0x54b56146656e7eef9da02b3a030c18e06e924b31,BOUGHT_TARGET_AND_FUTURE_MARKETS,0xd86a816093fcd0a0e1ca440bc5ce199bd3c5a8d6139e044b076958164f8c5423,TARGET_JUNE_15_MARKET,"US x Iran permanent peace deal by June 15, 2026?",us-x-iran-permanent-peace-deal-by-june-15-2026-734-856-129,5904694069529905826680225678119990013628860098514322777023141327768111791078,30000.0,0.0,30000.0,3,2026-06-17T23:51:31+00:00,2026-06-17T23:51:31+00:00,1,0x5d78c332bc17805a7e41bfe4463b3d984ab50e929ca74f03f3ca045d96c3c7b6
0x751a2b86cab503496efd325c8344e10159349ea1,BOUGHT_FUTURE_MARKETS_ONLY,0x6114a8a3f9ac214f48a7e20d169f1c7a5c84082cb6f7058ed9fe1137b11fd0e7,RELATED_OR_FUTURE_MARKET,"US x Iran permanent peace deal by June 30, 2026?",us-x-iran-permanent-peace-deal-by-june-30-2026-837-641-896-877-363-892-537-597,31867385211987925701696042012772036156561382644688734856312468506547392739862,28022.21,0.0,28022.21,50,2026-06-17T21:09:05+00:00,2026-06-17T23:49:37+00:00,24,0x14a3aab77807136bc43dbac6d51859edaae5f1b2a8c12e0f2e4e3ce7cc5f3620; 0x18e373954201c1a322b9925d07c9ea601e3b283ab5e5d9c5239163bf63a8d49d; 0x2d17a04b645dbc041b224e5b6cd2b0e6d7b291d1d4ab4da0410bd21c3b752dfd; 0x2e2573adc8995af78bec815d143e7e22c99744004dd257990934e722ff9bc092; 0x3272ba5805f850d037ad2646f1f8f383e56641dc65865d58d65a7b3a1c310d69
0x3670279e844f5005d7ed8cc37ca562eaadef34f9,BOUGHT_TARGET_AND_FUTURE_MARKETS,0x6114a8a3f9ac214f48a7e20d169f1c7a5c84082cb6f7058ed9fe1137b11fd0e7,RELATED_OR_FUTURE_MARKET,"US x Iran permanent peace deal by June 30, 2026?",us-x-iran-permanent-peace-deal-by-june-30-2026-837-641-896-877-363-892-537-597,31867385211987925701696042012772036156561382644688734856312468506547392739862,25931.4014,0.0,25931.4014,2,2026-06-17T19:29:38+00:00,2026-06-17T19:31:11+00:00,2,0x6f752595165a7865deb602b04ec8b43b6d63d88f8ba1a5779e3ae22ac6a7fd75; 0x6fcb07430fc025062a96492641a062fa2db94b76eea11226d70d78daf6af21a3
0x7b676d5a6379855773d405fcf19b9aa577651b07,BOUGHT_TARGET_AND_FUTURE_MARKETS,0x20af55ab35186377b81219db6cb8615240cba42cea41731091be9484a5f5b122,RELATED_OR_FUTURE_MARKET,"US x Iran permanent peace deal by July 31, 2026?",us-x-iran-permanent-peace-deal-by-july-31-2026-831-252,99566541619640652317512639709808184120400767516277184685355777020179304540844,25360.0,0.0,25360.0,12,2026-06-17T11:12:23+00:00,2026-06-17T11:12:31+00:00,2,0x5d894719dd748d6d42ed8e305f25920003d9824bbc87fc7031834c8fb8ae3020; 0x6c97641221c1d6d7febe3fc1971fab87995a1007002384d7997a3ed052030e06
0xa6f8220dfac596335d6b6719f2a2c7b451cc316d,BOUGHT_TARGET_AND_FUTURE_MARKETS,0x6114a8a3f9ac214f48a7e20d169f1c7a5c84082cb6f7058ed9fe1137b11fd0e7,RELATED_OR_FUTURE_MARKET,"US x Iran permanent peace deal by June 30, 2026?",us-x-iran-permanent-peace-deal-by-june-30-2026-837-641-896-877-363-892-537-597,31867385211987925701696042012772036156561382644688734856312468506547392739862,24000.51,0.0,24000.51,18,2026-06-17T21:11:35+00:00,2026-06-17T21:19:05+00:00,12,0x1505ff61dfe30c8fcae594908ab276d83590a55294539273793fe22093370933; 0x3331e2946c0a4ffedf5eb92755e5b9a061102f33370ef356f2c766fe4edc2903; 0x53190eeb2205b146d10bc768f2a70689141e07fa3d91f63381ef5a02c7426fd6; 0xa31ee3174cfe6aa33644ac26838ca5215219e12f27cf1a85e1188ff782de37a0; 0xa7a4834e0bee0e3c578d3194eb401d5dc7a35a9428335796890c20fbdd88d7ce
0x5ccf62ac8155e49bc7d021a1a66e9ef18f5579d7,BOUGHT_TARGET_AND_FUTURE_MARKETS,0x53098776eb95dbbd2e899c4fcd787a043ba725f55433948da2fbd00abdfcd3ae,RELATED_OR_FUTURE_MARKET,"US x Iran permanent peace deal by May 22, 2026?",us-x-iran-permanent-peace-deal-by-may-22-2026,107715390014862406485536118714081498606413437514382660058593986098320182104000,19801.997166,0.0,19801.997166,14,2026-05-22T22:54:33+00:00,2026-05-22T22:59:49+00:00,5,0x0736588bf0f851c0cc0d313b22bd18673d7c8dd8263ddaf7ad9af31e176fef31; 0x282d59b29b6b1b244102e0bd7324224c53282e7ed9c55a57e0ce2a85e227c560; 0x345c92a879d6c33c4263616e6dbe29fab7536a82884199aeb6135235df59e655; 0x51d8f1a6721f29e2cf1987e1220df80b4ad103f7eb0cc37ae79bf3eb829e91a3; 0xa73a6590ac716b15ee9163a04ebd558cb243cae9a694f8e63d44e372ff889d57
0x7c3db723f1d4d8cb9c550095203b686cb11e5c6b,BOUGHT_TARGET_AND_FUTURE_MARKETS,0xc5331256bff341491df0656772c4245a99a483c58eeda2faa70fa6bb8b7b0405,RELATED_OR_FUTURE_MARKET,"US x Iran permanent peace deal by May 8, 2026?",us-x-iran-permanent-peace-deal-by-may-8-2026,53886837528295918199173213040710747917684350390439332312874024244950707854931,19221.0,0.0,19221.0,25,2026-05-08T23:22:03+00:00,2026-05-09T00:24:47+00:00,5,0x371ce5124e30585123279af2b55a1cdde7df0b99bb89769dbbb11477822b45af; 0x3af08d519d662751c1b7f1c467c7c7d6dc88ae877cd739095b8fdf59213cc097; 0x5ec2941cc95fc22afddc3ea543d23ce25b60fe9b76ef2a36d3b591bab280a1f9; 0x90204955dfa404f514ce505e5a590eea89924f0afc6ac63e2c2196d7f33e5975; 0x918cceacc2f929c1451cc76c1f893034f32d1bd1707eaac15642dfdac44a6833
0x88edd092d799556111e57ff3b2107e24dd406cfb,BOUGHT_TARGET_AND_FUTURE_MARKETS,0x6114a8a3f9ac214f48a7e20d169f1c7a5c84082cb6f7058ed9fe1137b11fd0e7,RELATED_OR_FUTURE_MARKET,"US x Iran permanent peace deal by June 30, 2026?",us-x-iran-permanent-peace-deal-by-june-30-2026-837-641-896-877-363-892-537-597,31867385211987925701696042012772036156561382644688734856312468506547392739862,12587.470000000001,0.0,12587.470000000001,33,2026-06-17T23:08:49+00:00,2026-06-17T23:24:52+00:00,15,0x05bcbf6161a2e2fe6644c28fb520c6bcf34e7b478d1c4763f5ba99b97ed98894; 0x1c082b994f7da0865c3ba99ab4bb5096e4662af00650b8b4de5b01a01e134e45; 0x1cc068c55767189ec26a952b13f2dcc6461d780174371579435aab187bbbfcdf; 0x1d9039d9ca7760a6f9b8f3ab3a76a33efb23bdfb7e260c298e8a008bb8f3048b; 0x297666180d3593bd0678e707a8926c2f075c53940c8b526541984b3029165cda
0x8ebfdc251c6c378d4a3a54a8f15cebfa4b9183ce,BOUGHT_TARGET_AND_FUTURE_MARKETS,0xd86a816093fcd0a0e1ca440bc5ce199bd3c5a8d6139e044b076958164f8c5423,TARGET_JUNE_15_MARKET,"US x Iran permanent peace deal by June 15, 2026?",us-x-iran-permanent-peace-deal-by-june-15-2026-734-856-129,5904694069529905826680225678119990013628860098514322777023141327768111791078,12000.0,0.0,12000.0,3,2026-06-18T00:19:07+00:00,2026-06-18T00:19:07+00:00,1,0x93415294133b9d8f401cd0cc003bed8585ccef16fa8c4f3d645cf7f59a331c69
0xd189664c5308903476f9f079820431e4fd7d06f4,BOUGHT_FUTURE_MARKETS_ONLY,0x087713ab2905e789c42c3fafdf747512f8d7883b7fab1ac554b703310c09d869,RELATED_OR_FUTURE_MARKET,"US x Iran permanent peace deal by October 31, 2026?",us-x-iran-permanent-peace-deal-by-october-31-2026,87454787582145370245918768733918745779368258596964798398674915534231998102607,11814.11,0.0,11814.11,23,2026-06-17T07:50:50+00:00,2026-06-17T17:01:58+00:00,17,0x056c0940b4275b1dddd17f3387fa4be07a2094e926205d08d55284fbdcc23628; 0x0a7aa519809e6a94fe6617b2523823206ed68344c3767d7cddc6410b1a90bed8; 0x1d3eea9108aab3d246a1f6f744bff6b47e12954bbb45d03a6ab2eeeb595eb7c7; 0x268aa1ef28bd19fa88f48f783a31b8161444b47adf2b08518f186e7c546bf75d; 0x33e24bfedded9aea47debd65ab2141f61a073745c034ae01b5a5069848ba6890
0x12d6cccfc7470a3f4bafc53599a4779cbf2cf2a8,BOUGHT_FUTURE_MARKETS_ONLY,0x9769f78cbc95a5ed11895e6064bac471d8fd8f930b260cf581b68d3f58630d27,RELATED_OR_FUTURE_MARKET,"US x Iran permanent peace deal by December 31, 2026?",us-x-iran-permanent-peace-deal-by-december-31-2026-961-587-341-574-555-817,104718292808309433767402444061650910790437726449955521731268760928480423099204,8723.350000000002,0.0,8723.350000000002,61,2026-06-16T13:11:03+00:00,2026-06-17T20:04:14+00:00,37,0x035a85edf0fe9d861b659ebcf83f997a9e032419067bab17570e915d87f1e4d7; 0x1c866d3a9e1c58e5544e8515a8cc398697eb1b90fd7d42aca0e6d473187d377d; 0x1e92c1058baa9e4bfc68855e6874f9469a9d9f8f678b7b3f6ac86a0daff4825b; 0x1eb114460bb18abb763be60c0d278d2a43618302373bd83a0c2c5165b07b3eb4; 0x1f495f93d6c5a24c79b4e26304505c52999141f04ea92f191eefb3dbc06e0cbf
0x731a241767938bb23d1b2fac4c9cd2f3cea9033f,BOUGHT_TARGET_AND_FUTURE_MARKETS,0x6114a8a3f9ac214f48a7e20d169f1c7a5c84082cb6f7058ed9fe1137b11fd0e7,RELATED_OR_FUTURE_MARKET,"US x Iran permanent peace deal by June 30, 2026?",us-x-iran-permanent-peace-deal-by-june-30-2026-837-641-896-877-363-892-537-597,31867385211987925701696042012772036156561382644688734856312468506547392739862,8234.869999999999,0.0,8234.869999999999,29,2026-06-17T23:30:49+00:00,2026-06-17T23:45:35+00:00,24,0x03828bb2ab1df7ee7f9eb3cd18a27cd099a0b1968f26cc27ff9481d8ef0fb940; 0x12f4ae65d2c33d3d43e0f15c8d46fbe3ba9d8685112c6a388e26445324c3b9d4; 0x231aec2115b16d815dde432e6d6879055f6129d0f2818ac615c6b846fd130f42; 0x282e5a27825422653d13d552a1192c605c1960130e7725d1bd7c705c4fa4887b; 0x2c734f2bc6dc70687a2041302c6dce87afd424c3be6deae507c1dc36d0cd101c
0x8ebfdc251c6c378d4a3a54a8f15cebfa4b9183ce,BOUGHT_TARGET_AND_FUTURE_MARKETS,0x20af55ab35186377b81219db6cb8615240cba42cea41731091be9484a5f5b122,RELATED_OR_FUTURE_MARKET,"US x Iran permanent peace deal by July 31, 2026?",us-x-iran-permanent-peace-deal-by-july-31-2026-831-252,99566541619640652317512639709808184120400767516277184685355777020179304540844,8000.0,0.0,8000.0,7,2026-06-17T17:49:38+00:00,2026-06-17T17:49:38+00:00,1,0x89d99185d35de52b3b918d5ca487eb3a0724bd50c2fb051ddf59a9818b72b0cd
0xc4086b708cd3a50880b7069add1a1a80000f4675,BOUGHT_TARGET_AND_FUTURE_MARKETS,0xd86a816093fcd0a0e1ca440bc5ce199bd3c5a8d6139e044b076958164f8c5423,TARGET_JUNE_15_MARKET,"US x Iran permanent peace deal by June 15, 2026?",us-x-iran-permanent-peace-deal-by-june-15-2026-734-856-129,5904694069529905826680225678119990013628860098514322777023141327768111791078,7000.0,0.0,7000.0,3,2026-06-18T00:21:19+00:00,2026-06-18T00:21:19+00:00,1,0x62d4ae21e21701219f8f5f32b13f32c89f47c73047cee3437ab4c5f75729cf48
0x731a241767938bb23d1b2fac4c9cd2f3cea9033f,BOUGHT_TARGET_AND_FUTURE_MARKETS,0x20af55ab35186377b81219db6cb8615240cba42cea41731091be9484a5f5b122,RELATED_OR_FUTURE_MARKET,"US x Iran permanent peace deal by July 31, 2026?",us-x-iran-permanent-peace-deal-by-july-31-2026-831-252,99566541619640652317512639709808184120400767516277184685355777020179304540844,6302.84,0.0,6302.84,26,2026-06-17T23:08:23+00:00,2026-06-17T23:35:11+00:00,18,0x0c0f854f0206e727943e01dcfcdd7b14d04d629a93713450a417b00ac0eee1b8; 0x22c53957623a31e4399d05067b6fb42ac2b52d890158da9de4e8265ba134c706; 0x2d9b8ba6bb9a5f28b2d51d86a8d95134c73023265881395aca94371600ba6204; 0x350cc72885ef4a2262534c7fbf8b093ca3d8bc5e260606532b4e452617493896; 0x3b0c48d93e1e17a6c1fc9dc048cb2a4e4f49d070113dec168ee83dffa1d0d7d6
0x1295269296e51cd28a3db85fa6728c0e352b5cfd,BOUGHT_FUTURE_MARKETS_ONLY,0x20af55ab35186377b81219db6cb8615240cba42cea41731091be9484a5f5b122,RELATED_OR_FUTURE_MARKET,"US x Iran permanent peace deal by July 31, 2026?",us-x-iran-permanent-peace-deal-by-july-31-2026-831-252,99566541619640652317512639709808184120400767516277184685355777020179304540844,6123.62,0.0,6123.62,2,2026-06-17T18:12:40+00:00,2026-06-17T18:13:28+00:00,2,0x2c689782b7b70b356425cf2ef9e0bd626dbb600a01decab503942fbd2ee28737; 0x6f8df9d54207662b3f75bf25d78a06b9b6f7413f7c570e3f87bd074a71f5131f
0x24c8cf69a0e0a17eee21f69d29752bfa32e823e1,BOUGHT_TARGET_AND_FUTURE_MARKETS,0xd86a816093fcd0a0e1ca440bc5ce199bd3c5a8d6139e044b076958164f8c5423,TARGET_JUNE_15_MARKET,"US x Iran permanent peace deal by June 15, 2026?",us-x-iran-permanent-peace-deal-by-june-15-2026-734-856-129,5904694069529905826680225678119990013628860098514322777023141327768111791078,5948.82,0.0,5948.82,11,2026-06-17T21:22:56+00:00,2026-06-17T21:24:59+00:00,9,0x0e70de119d471cf4e3590aa8a2353fbd31114be79fa89d7dffd130a9bfe9098e; 0x0efacfdf63c23cee45925b25e7027e39ebb7e469091d24902f46ee82001ff8b7; 0x15b95af15366288c20636fc4d3e17fc5c518318ea97c7eeaba5a6c8fc747d2e0; 0x17da3a3992ddea310f4c034171f1b5e865acfb9060de412044565a5eae92b9f9; 0x36ca8398172f7b98be96691d1606883bf0ff4bc0300f86a54be2eaba1c9a206d
0x35e36faa4cf1488d120580302ed1d149be749188,BOUGHT_TARGET_AND_FUTURE_MARKETS,0xd86a816093fcd0a0e1ca440bc5ce199bd3c5a8d6139e044b076958164f8c5423,TARGET_JUNE_15_MARKET,"US x Iran permanent peace deal by June 15, 2026?",us-x-iran-permanent-peace-deal-by-june-15-2026-734-856-129,5904694069529905826680225678119990013628860098514322777023141327768111791078,5300.56,0.0,5300.56,28,2026-06-17T23:45:34+00:00,2026-06-17T23:50:58+00:00,12,0x074b862308b2d6b67b4c207c5aac1fe245c46a2283f409e5e23ff153c62a94c7; 0x077ba0686620fd10eeaf2395f2f1770a2c67665197872ef9e353b9cd87a07b5c; 0x0cf15eda01116fc430dcb398995d1b2cacb4367b14241959241ca0a6d69f99ed; 0x177389ab6a7c87807448ae4fe42d665bcae9491173ac22ffa466738c9c5bc367; 0x25d1281fe5a8c1c8f786a7a96eea61abc179d220be61823d282c6f75062fc473
0x3670279e844f5005d7ed8cc37ca562eaadef34f9,BOUGHT_TARGET_AND_FUTURE_MARKETS,0xd86a816093fcd0a0e1ca440bc5ce199bd3c5a8d6139e044b076958164f8c5423,TARGET_JUNE_15_MARKET,"US x Iran permanent peace deal by June 15, 2026?",us-x-iran-permanent-peace-deal-by-june-15-2026-734-856-129,5904694069529905826680225678119990013628860098514322777023141327768111791078,4362.0,0.0,4362.0,6,2026-06-18T00:19:46+00:00,2026-06-18T00:20:23+00:00,2,0x51f8997703920f3063e2fc6f8aab35ddced2bc94374670e612578a396524ee1d; 0xab8895526d8748ca92cd4783c803b09b40daace5af6fddbd909946965f887806
0x3670279e844f5005d7ed8cc37ca562eaadef34f9,BOUGHT_TARGET_AND_FUTURE_MARKETS,0xda519921a7090298cbdc56ee838a403a5193c2b3f637aef3e154e52de7b5e79c,RELATED_OR_FUTURE_MARKET,"US x Iran permanent peace deal by August 31, 2026?",us-x-iran-permanent-peace-deal-by-august-31-2026,18350166227701937595781661497315771588029127293300032980353664093725965421470,4197.72,0.0,4197.72,2,2026-06-17T19:27:41+00:00,2026-06-17T19:27:41+00:00,1,0xa07f7992066ae00c8d1f310f2918bf5a82fb6732ab2aea8d18b1f03cc2d855f3
0x44c1dfe43260c94ed4f1d00de2e1f80fb113ebc1,BOUGHT_FUTURE_MARKETS_ONLY,0x6114a8a3f9ac214f48a7e20d169f1c7a5c84082cb6f7058ed9fe1137b11fd0e7,RELATED_OR_FUTURE_MARKET,"US x Iran permanent peace deal by June 30, 2026?",us-x-iran-permanent-peace-deal-by-june-30-2026-837-641-896-877-363-892-537-597,31867385211987925701696042012772036156561382644688734856312468506547392739862,3930.61,0.0,3930.61,15,2026-06-17T18:01:47+00:00,2026-06-17T18:11:26+00:00,7,0x0919dccb2bc5f65ee50beff1d4049a6e67f4a097b759e27f7d8f01e8dbf0412f; 0x26b0fbf32e1dbf11216276ca261cfdf0d7d19354d09fe584df196abb145a3352; 0x2701f29d9a7ae72871f8e670d2af2a48975e3efcfd61c29606a8406239387577; 0x67f697c1b47b17dc22569d04436b4f6883024b3c8faff1427c3c6caa4c32ca7c; 0x6818742663609fbd8adef458ec3cace703d4b04f6fee86ae1d73897ec2ee639c
0x144e019d576f112fa767cc77240b98a7f31e5e08,BOUGHT_TARGET_AND_FUTURE_MARKETS,0x087713ab2905e789c42c3fafdf747512f8d7883b7fab1ac554b703310c09d869,RELATED_OR_FUTURE_MARKET,"US x Iran permanent peace deal by October 31, 2026?",us-x-iran-permanent-peace-deal-by-october-31-2026,87454787582145370245918768733918745779368258596964798398674915534231998102607,3860.960000000001,0.0,3860.960000000001,202,2026-06-17T02:50:16+00:00,2026-06-17T18:02:49+00:00,168,0x0087cceca35591420e5534eafc8227413dcc8f9efe33f7681f5ed6de4297b43a; 0x00f1ace0388542abec43feafed90378f90292586c890835298a04bde3c8ff4ba; 0x030d25f5002b3fd929fc9d0f818e20f7915966f0d4c0f1011a5bf93be0632f41; 0x035f5b3bd770055ca02d40f3da0f9c155962cd4c0e15e1c3c41406800f95d71e; 0x039712eb5c1dbf76e44738b44953cab2fcb0804586afcd572e4289c2c2f603ae
0x1602856ef17c9b838b2f2b941b9c628cd5eecbf7,BOUGHT_TARGET_AND_FUTURE_MARKETS,0x20af55ab35186377b81219db6cb8615240cba42cea41731091be9484a5f5b122,RELATED_OR_FUTURE_MARKET,"US x Iran permanent peace deal by July 31, 2026?",us-x-iran-permanent-peace-deal-by-july-31-2026-831-252,99566541619640652317512639709808184120400767516277184685355777020179304540844,3642.1099999999997,0.0,3642.1099999999997,17,2026-06-17T18:30:29+00:00,2026-06-17T22:10:01+00:00,8,0x0003b0de1eafe70bcb7e8518beb1204dd3a1e8eabb04a83ceb276263866f16c6; 0x18d42165556452cd9eb5699d1cee066a528b52f63842dbd26f714132f982916e; 0x1ec3d09a5cf87421ecbe356f69565c204c300cf5ae66779fc800114c687da597; 0x5fcbc5d3570dcf9fc293cce3b1d93799bdb987b031e6aa28659d7d6e7ee195f9; 0x917b2fdf59d7dba87a1b78cb52ddebcb536e5404aff8008be0877adf8b3fde31
0x12d6cccfc7470a3f4bafc53599a4779cbf2cf2a8,BOUGHT_FUTURE_MARKETS_ONLY,0x20af55ab35186377b81219db6cb8615240cba42cea41731091be9484a5f5b122,RELATED_OR_FUTURE_MARKET,"US x Iran permanent peace deal by July 31, 2026?",us-x-iran-permanent-peace-deal-by-july-31-2026-831-252,99566541619640652317512639709808184120400767516277184685355777020179304540844,3378.2999999999997,0.0,3378.2999999999997,22,2026-06-17T23:00:34+00:00,2026-06-18T00:33:05+00:00,18,0x03e3a82589e70c3f8eb799b5050e16351496275ac42824fd736ab9ae478bbbfb; 0x0fa9aafd7653949ecb4a00afc55ce5b185f991278f27820362a21085a2e0b749; 0x304a6fe396e1a4ed1a0d1f82c8bb6cb33c9dd7f4badbf5d1373694f7830e22c2; 0x3cf050883416cd6482a61da3d9fcfb12c6ec2f967955417ef78360b70d62e235; 0x56a279b97360d4ec0564d85836f34f632c7f60d98950acee8f23068d567f7b14
0x5a892cefe9c01ed049d8e5193136abaf5808c186,BOUGHT_TARGET_AND_FUTURE_MARKETS,0x087713ab2905e789c42c3fafdf747512f8d7883b7fab1ac554b703310c09d869,RELATED_OR_FUTURE_MARKET,"US x Iran permanent peace deal by October 31, 2026?",us-x-iran-permanent-peace-deal-by-october-31-2026,87454787582145370245918768733918745779368258596964798398674915534231998102607,2867.6400000000012,0.0,2867.6400000000012,154,2026-06-17T02:50:09+00:00,2026-06-17T17:25:29+00:00,134,0x0212c48673fd98574451af2d1b4fe5d2a7e2fc0d608f2338adb4bf72b790b735; 0x038aa91cde439571cdd95cc55fbd25c2dde9ed11183cf46d7ebab7a357552c05; 0x08e8b688001fa494a3d02d841cfd4a8df1080d927fa50373c7ed407c4373b11b; 0x0b583009f176a136e4ae30207a075c72f5023a028bbaadb676874b2105cbccdb; 0x0ce6ac79944eb45897a7040dfc9cdc1e41f39582d6ec68dcccf5591ab15a6216
0x615346ac3277f46c5282bd7eb20fc496d55144ab,BOUGHT_TARGET_AND_FUTURE_MARKETS,0x087713ab2905e789c42c3fafdf747512f8d7883b7fab1ac554b703310c09d869,RELATED_OR_FUTURE_MARKET,"US x Iran permanent peace deal by October 31, 2026?",us-x-iran-permanent-peace-deal-by-october-31-2026,87454787582145370245918768733918745779368258596964798398674915534231998102607,2823.5200000000013,0.0,2823.5200000000013,164,2026-06-17T02:51:15+00:00,2026-06-17T18:48:50+00:00,139,0x009a684abb594df06d1b8e02206e9d355c2ed831ea590b403eee1614c95bb742; 0x00adad148b230e1e422a823051eb7e2919545ff28a5ba1bfadbc1b98d0cf298d; 0x00f2de9c70ee58bacaa95636acb532218d5c4329fd2c85e4d9c2e70ae0e34cd8; 0x02009e460a81378ec1ce052659b845d5aa83ed104a27801c7b1f2764ecce7747; 0x02d9132938a59830c48538a978f112e5a0f1f5db64cc901527878f2f2d4b131a
0x35e36faa4cf1488d120580302ed1d149be749188,BOUGHT_TARGET_AND_FUTURE_MARKETS,0x20af55ab35186377b81219db6cb8615240cba42cea41731091be9484a5f5b122,RELATED_OR_FUTURE_MARKET,"US x Iran permanent peace deal by July 31, 2026?",us-x-iran-permanent-peace-deal-by-july-31-2026-831-252,99566541619640652317512639709808184120400767516277184685355777020179304540844,2534.5599999999995,0.0,2534.5599999999995,15,2026-06-17T18:10:08+00:00,2026-06-17T18:57:43+00:00,11,0x00ccec36c74a960b8d064b355619f9b9e96ee04edf5e60216edb6a979920fb4c; 0x1949ade59d74aa80458db9102e0c819a073c39011392abed8c5aeb818eeec3f5; 0x2257659ee4969cc1b2a40f2f54a81b0935f24736b4a2876b176173740cc2111d; 0x3a5249a731093ccec1ccc5040c5574c156253e588d3be15f5c72fdcad30e29f4; 0x7e6f3a3285aeb94d1a19a56e85026b14679b2f2ff8c605b6c0e2de5e202cc0f4
0x5ccf62ac8155e49bc7d021a1a66e9ef18f5579d7,BOUGHT_TARGET_AND_FUTURE_MARKETS,0xd86a816093fcd0a0e1ca440bc5ce199bd3c5a8d6139e044b076958164f8c5423,TARGET_JUNE_15_MARKET,"US x Iran permanent peace deal by June 15, 2026?",us-x-iran-permanent-peace-deal-by-june-15-2026-734-856-129,5904694069529905826680225678119990013628860098514322777023141327768111791078,2500.0,0.0,2500.0,3,2026-06-17T23:51:20+00:00,2026-06-17T23:51:20+00:00,1,0x9e6b0c0846106860eab209e7f678f629e3d9be6bdf8dcff858659ffb2a52c0ef
0x24c8cf69a0e0a17eee21f69d29752bfa32e823e1,BOUGHT_TARGET_AND_FUTURE_MARKETS,0xbbc6689d0f6d57ea42168836712237c7308b3e0118c8914d31b6126d0f3254c5,RELATED_OR_FUTURE_MARKET,"US x Iran permanent peace deal by April 22, 2026?",us-x-iran-permanent-peace-deal-by-april-22-2026,10355316169421062771540371697837923442956106006258739802114788264214901200573,2221.99575,0.0,2221.99575,15,2026-04-22T14:01:36+00:00,2026-04-22T15:07:18+00:00,4,0x416c64a2ebfa8d840b1b6ab88a5540b69ccb411ec5697607eb4df7b2c8355c56; 0x512c4756976c2db6d2c2594fe71c80d44b6e619b96b3f24e38643d794f1aa622; 0x5689058839f84bf5a9d8c08f8a1a99c95658440a99f887929c8b17b78cf571f1; 0x90cf47f10e510de7dbf37b099563b45034539d3bd2da8fc27c709d86c2c215d4
0x0c101db716b0d39f7b7431e7f5edbc3cc9adf96a,BOUGHT_FUTURE_MARKETS_ONLY,0x20af55ab35186377b81219db6cb8615240cba42cea41731091be9484a5f5b122,RELATED_OR_FUTURE_MARKET,"US x Iran permanent peace deal by July 31, 2026?",us-x-iran-permanent-peace-deal-by-july-31-2026-831-252,99566541619640652317512639709808184120400767516277184685355777020179304540844,2130.33,0.0,2130.33,12,2026-06-17T19:08:31+00:00,2026-06-17T19:39:46+00:00,3,0x25e04ab78770c5c653943737a3ea89b051565c1ae857f6029452d6617cb2186e; 0xabea04182e630db70cf103766a31f341821f8847ed50d7aab3604b816d8340c9; 0xf034baeee54a1323b32d530c3df391b6a8aa7214003ecd52e609d119610e2005
0x5bb0de4e97698184ead80c80cb17a26cd6f6814b,BOUGHT_FUTURE_MARKETS_ONLY,0xda519921a7090298cbdc56ee838a403a5193c2b3f637aef3e154e52de7b5e79c,RELATED_OR_FUTURE_MARKET,"US x Iran permanent peace deal by August 31, 2026?",us-x-iran-permanent-peace-deal-by-august-31-2026,18350166227701937595781661497315771588029127293300032980353664093725965421470,2130.14,0.0,2130.14,7,2026-06-17T07:51:01+00:00,2026-06-17T07:51:49+00:00,7,0x1938775f2b5467d008a78bae2fba23d10f9e9de83fbe33b5e30af2c6857ce024; 0x4257f049336d5b6290760a1efed0eab668b4d5e0aa3b09c81312dd839c030197; 0x57de8410dccd14bac8c49e815b8ce386dd7a9396390e58ca4372ae96065ff747; 0x63540f10e6913e101ed44aced694c59dfd25d8e9c3d194374f000d658c4084de; 0x83efaf1b8e7661f6b6a5a9c0939d4282fb392d01f3f1f5d11505590c433d688f
0xdbc45db6ba0618e6182109854e8d19a77b4f4347,BOUGHT_TARGET_AND_FUTURE_MARKETS,0xc5331256bff341491df0656772c4245a99a483c58eeda2faa70fa6bb8b7b0405,RELATED_OR_FUTURE_MARKET,"US x Iran permanent peace deal by May 8, 2026?",us-x-iran-permanent-peace-deal-by-may-8-2026,53886837528295918199173213040710747917684350390439332312874024244950707854931,1738.5,0.0,1738.5,15,2026-05-08T23:22:06+00:00,2026-05-09T00:24:49+00:00,5,0x01fe538a6d51a72f1de6345f87b8826665ee7939e287928b76ba1fb68453b09c; 0x18ac4fe90bce847fa505c29cf66b8b8b2e4fbf944ae026a9f903ad54b3d6635e; 0x68600ee62fc78fa4437f593439aa5a985df7cae940f9942b209160b6ef04330b; 0x7299fd349547fe751abeb64d95e0468f4370bd2e01c0cfb92f3ffc90866e21c4; 0x88cb02cfd73108cc9c8dbb9a1e215c88f0da12f456b5348fa66079902b46bef0
0x54498e4c40b17261479aeaeeddf9cc37bd46992b,BOUGHT_TARGET_AND_FUTURE_MARKETS,0xc5331256bff341491df0656772c4245a99a483c58eeda2faa70fa6bb8b7b0405,RELATED_OR_FUTURE_MARKET,"US x Iran permanent peace deal by May 8, 2026?",us-x-iran-permanent-peace-deal-by-may-8-2026,53886837528295918199173213040710747917684350390439332312874024244950707854931,1675.0,0.0,1675.0,18,2026-05-08T23:22:06+00:00,2026-05-09T00:24:51+00:00,6,0x4230f0f30ec083c8ded082bae42390d8c24e9a8421e0bfdddf5439a78c752778; 0x7ababea979f64bd7ed953f2024be2d90cdb5766dd46bdfb35d675fe588f0ba28; 0x8b3c50658aef4cd113d7f9eb9bea71b1b44844ba51fe91a694b0163d6469766b; 0xa71f1e549c3ad133c8d9ab77a39d24d47e6f43480683e663e915766369dcff0f; 0xae9ba0605cd5ec3d37bd8f9f490cd22744862484bdeb2ad5ab05d9a6a6a75f5d
0x144e019d576f112fa767cc77240b98a7f31e5e08,BOUGHT_TARGET_AND_FUTURE_MARKETS,0x20af55ab35186377b81219db6cb8615240cba42cea41731091be9484a5f5b122,RELATED_OR_FUTURE_MARKET,"US x Iran permanent peace deal by July 31, 2026?",us-x-iran-permanent-peace-deal-by-july-31-2026-831-252,99566541619640652317512639709808184120400767516277184685355777020179304540844,1494.6300000000008,0.0,1494.6300000000008,82,2026-06-17T07:52:19+00:00,2026-06-17T18:30:26+00:00,61,0x0165377ba9d4eb9f5660597535672edc4b357cf00759cb792f393f4f92442e2b; 0x02c50adab863667e6d770d69dea742603f58086c8c06b3a9846d0fad913a8873; 0x095995cff1d7940979349ce2bcbbb381d7538a641cb79144da85a49a1cc1a20b; 0x0b21c0be666251ca3ab64dc1367c4ef2fa332aaa6d2269991d3bb38a70f85ec4; 0x0d05857a7a5b899452a1abb204524c6a5007120471a3e61f752d456c736f0ad7
0x615346ac3277f46c5282bd7eb20fc496d55144ab,BOUGHT_TARGET_AND_FUTURE_MARKETS,0x20af55ab35186377b81219db6cb8615240cba42cea41731091be9484a5f5b122,RELATED_OR_FUTURE_MARKET,"US x Iran permanent peace deal by July 31, 2026?",us-x-iran-permanent-peace-deal-by-july-31-2026-831-252,99566541619640652317512639709808184120400767516277184685355777020179304540844,1352.910000000001,0.0,1352.910000000001,83,2026-06-17T07:52:16+00:00,2026-06-18T00:00:35+00:00,67,0x03e420660b6cc8f2fe8ee896bc4c9f12e176ff54b75fbb4288b001bac64f8861; 0x071a8411e48827fe19e564b99e23c0e69da71084c600e1f9741bff1b0a09568c; 0x0f9072f12ef5b832fdf5a00af3803877eb1f49c7037254cbb4e178ac65224bb6; 0x104bf65125b3a46455735fb54b27c509c9b4459d2fb21c61caaa96c8bd7b2907; 0x108665f16a58ac934504300648e957ce82b480ac7a87a33d566b46e5d9da3b9e
0x5a892cefe9c01ed049d8e5193136abaf5808c186,BOUGHT_TARGET_AND_FUTURE_MARKETS,0x20af55ab35186377b81219db6cb8615240cba42cea41731091be9484a5f5b122,RELATED_OR_FUTURE_MARKET,"US x Iran permanent peace deal by July 31, 2026?",us-x-iran-permanent-peace-deal-by-july-31-2026-831-252,99566541619640652317512639709808184120400767516277184685355777020179304540844,1275.14,0.0,1275.14,90,2026-06-17T07:52:07+00:00,2026-06-17T17:47:14+00:00,66,0x0375c8925c42a6aec7bffb284e00d85d0892ea8db8cfd8ea96efa8955842786f; 0x144d93a7e9ae56c4f786ea0c68617f70f4d0842ccd2915d2da89d82a0c3637b6; 0x16897ae48126713dbf4fb9f1c7a96cb067182b8def127f5ded514e4a04ec5d23; 0x16b17c542f6e6ff58c6635ec584f20d07726934799d933c1b58a3dc825c96386; 0x18106109da4155e4dc12549ca4ece21cd4680f77d8fae9c5eca256b020072d30
0x793ed200a1e8344d608a17763d9cb8773b3643bf,BOUGHT_TARGET_AND_FUTURE_MARKETS,0x087713ab2905e789c42c3fafdf747512f8d7883b7fab1ac554b703310c09d869,RELATED_OR_FUTURE_MARKET,"US x Iran permanent peace deal by October 31, 2026?",us-x-iran-permanent-peace-deal-by-october-31-2026,87454787582145370245918768733918745779368258596964798398674915534231998102607,886.8599999999999,0.0,886.8599999999999,92,2026-06-17T02:50:09+00:00,2026-06-17T17:47:19+00:00,60,0x0170e0d584d2a6aa03ec72bd5f3acf2ea1f7e55f8ba9c646742060463188bc97; 0x0c5b159947b759a73961104f0e93a7456ef9678c857ef7a63f8cbc64e6a7b177; 0x11c684361219a7f0fb4df5be727b10518a950ea2b453a1d384a0ed594de10159; 0x130b4981ac972a817d5d5b9a4d6045fd122b5a8d4cf8ce9bc9b5304a6d38a57b; 0x14ca5bb4a99784942754337dcdecbbb8b09b896a4568152352afd494dc196273
0x71bd821b2c823cf67ed329abbb6a05d3ab9eac00,BOUGHT_TARGET_AND_FUTURE_MARKETS,0x20af55ab35186377b81219db6cb8615240cba42cea41731091be9484a5f5b122,RELATED_OR_FUTURE_MARKET,"US x Iran permanent peace deal by July 31, 2026?",us-x-iran-permanent-peace-deal-by-july-31-2026-831-252,99566541619640652317512639709808184120400767516277184685355777020179304540844,872.5399999999996,0.0,872.5399999999996,218,2026-06-17T07:52:20+00:00,2026-06-18T00:32:29+00:00,48,0x0197e04363b07f1636f95ff74408f28b7d56672e246756f5715d0030e3f0059b; 0x047f14f0ee791a77b7e05bd1c22510341a1410f764ab86c9852effbb93b1aaa2; 0x0562a68ad820ed092695c632f07b6883b255d59a61da69d3ffabb25c01fe223b; 0x0bed8887c2988e93ddbbd3462adc584e04f9ed6c18ee0c01799c952586614b84; 0x11387252a0477d28cad71cd72fb624c736ea4bd9148f522989764970e14e0c1c
0x793ed200a1e8344d608a17763d9cb8773b3643bf,BOUGHT_TARGET_AND_FUTURE_MARKETS,0x20af55ab35186377b81219db6cb8615240cba42cea41731091be9484a5f5b122,RELATED_OR_FUTURE_MARKET,"US x Iran permanent peace deal by July 31, 2026?",us-x-iran-permanent-peace-deal-by-july-31-2026-831-252,99566541619640652317512639709808184120400767516277184685355777020179304540844,800.1200000000003,0.0,800.1200000000003,48,2026-06-17T07:52:22+00:00,2026-06-17T19:15:52+00:00,41,0x03cffc1c5aa7feb6c1f7814a2f68b3656389a6e66c391db389dd37062a9da802; 0x06a754e2ff78215dc2c0ab2e7fb165e2b06a352c2904af72bc2d2e8ed10c94a8; 0x09050383620c9b86524b752d53d29e8936d47f740695fb917a553134b448c53e; 0x0c2079789be9bad63c2d8b9c23c241af36d5e54fc3223c06bd6b7f729a46313c; 0x0e63911eb69e27a48ef5998456951dfb04eeffb9a62c41de377f6dc116f1e3d2
0x54b56146656e7eef9da02b3a030c18e06e924b31,BOUGHT_TARGET_AND_FUTURE_MARKETS,0xc5331256bff341491df0656772c4245a99a483c58eeda2faa70fa6bb8b7b0405,RELATED_OR_FUTURE_MARKET,"US x Iran permanent peace deal by May 8, 2026?",us-x-iran-permanent-peace-deal-by-may-8-2026,53886837528295918199173213040710747917684350390439332312874024244950707854931,800.0,0.0,800.0,3,2026-05-09T00:22:03+00:00,2026-05-09T00:22:03+00:00,1,0x2a355001a0b619a33515c09615fef7d1f3be36148d29d8dca5ae79efedc42ee9
0x5a892cefe9c01ed049d8e5193136abaf5808c186,BOUGHT_TARGET_AND_FUTURE_MARKETS,0x9769f78cbc95a5ed11895e6064bac471d8fd8f930b260cf581b68d3f58630d27,RELATED_OR_FUTURE_MARKET,"US x Iran permanent peace deal by December 31, 2026?",us-x-iran-permanent-peace-deal-by-december-31-2026-961-587-341-574-555-817,104718292808309433767402444061650910790437726449955521731268760928480423099204,772.3800000000003,0.0,772.3800000000003,167,2026-06-16T11:29:46+00:00,2026-06-17T19:35:32+00:00,43,0x03aabc618a1875e84b984158f409114db3bbc7dd349a0ed3353217a79dc59171; 0x071973ea94774ee0157fb05d9103768330a8c04c117f8fb4e777e1bc911fc145; 0x0f81e8be64d9f33b8f6c465bb9abecc185a2a3018678b2e633f89f372d1c45b2; 0x17c8f451ce69fe47f2c712e13658e76219beb55e057bf98316463ab485d47b98; 0x2a8ecd37d4074050d00be5c9b47364e5dfdd3b6e02dcf3391527d441f4464973
0x1987733c8beae675c544752eafe437968efe6487,BOUGHT_TARGET_AND_FUTURE_MARKETS,0x20af55ab35186377b81219db6cb8615240cba42cea41731091be9484a5f5b122,RELATED_OR_FUTURE_MARKET,"US x Iran permanent peace deal by July 31, 2026?",us-x-iran-permanent-peace-deal-by-july-31-2026-831-252,99566541619640652317512639709808184120400767516277184685355777020179304540844,694.4999999999999,0.0,694.4999999999999,46,2026-06-17T07:52:25+00:00,2026-06-17T17:42:22+00:00,35,0x0183f2ff8bf84e60a501956d39865bfdf32187e37e02c22378d84ed2ba17d1fa; 0x052353205d86a22a72b8efef3a2569d4a02b77d35fd7d157be34a3ad0c2b94a6; 0x0558f884b9e6ffb51764e521a6426e52f0333dc4a91ef538f263e5ed667a4103; 0x0c83b613ae19ec9ffa6e31a3afc22aa024199fadfef7938445edce7ef3a01baf; 0x102f744d4a7382369ea3b0422d92ec5667e896ea63841ec37f2a6d328da95858
0x71bd821b2c823cf67ed329abbb6a05d3ab9eac00,BOUGHT_TARGET_AND_FUTURE_MARKETS,0x087713ab2905e789c42c3fafdf747512f8d7883b7fab1ac554b703310c09d869,RELATED_OR_FUTURE_MARKET,"US x Iran permanent peace deal by October 31, 2026?",us-x-iran-permanent-peace-deal-by-october-31-2026,87454787582145370245918768733918745779368258596964798398674915534231998102607,681.5199999999996,0.0,681.5199999999996,80,2026-06-17T02:55:39+00:00,2026-06-17T15:47:50+00:00,51,0x079fd0440856245e2dd41e1b8de304ac727f913aeff2707d4587e932bbb2b3ba; 0x1951db09237e816ecc48aedf60a164db3171af6cbfc700516e9707d3b559705f; 0x19fac8db5d15731fbce7e2255fb01442faff76de927c9bd3bf426d6e7153baa5; 0x1ddc5dacd3d9b12ca18cca9a8809231f3edd49ef93d9779dbc6cffdf8c3312a4; 0x218ab8580a109991dd0344a76d191a59c54c53297dfc6debea2b74c4eb316085
0x144e019d576f112fa767cc77240b98a7f31e5e08,BOUGHT_TARGET_AND_FUTURE_MARKETS,0x9769f78cbc95a5ed11895e6064bac471d8fd8f930b260cf581b68d3f58630d27,RELATED_OR_FUTURE_MARKET,"US x Iran permanent peace deal by December 31, 2026?",us-x-iran-permanent-peace-deal-by-december-31-2026-961-587-341-574-555-817,104718292808309433767402444061650910790437726449955521731268760928480423099204,668.6799999999998,0.0,668.6799999999998,79,2026-06-16T11:29:52+00:00,2026-06-17T20:03:56+00:00,38,0x0dc2eb537556547b149567c3bdc9bb22aa042eb47a175bc09cd23b8d4b5b14d4; 0x1d844fa84cefcda46bdb4e6567f1ecaab38e3e018644a95ed37515cf9ed4131c; 0x227cdfae3cc1cce45cf422780af7b0dc38acabf4916d5178b80def8adcd98f8a; 0x22bf2999ebeee5e8a4e5cd3fff4665618b2fe5adc766b5e7a51638392609fb28; 0x2e2719904c50ae9e11ab0a712f85973c4495b448dde88912f5a51a5e9ece51ee
0x631c2b93ff03c21d29b2b73af4ff965e88ea450f,BOUGHT_TARGET_AND_FUTURE_MARKETS,0xd86a816093fcd0a0e1ca440bc5ce199bd3c5a8d6139e044b076958164f8c5423,TARGET_JUNE_15_MARKET,"US x Iran permanent peace deal by June 15, 2026?",us-x-iran-permanent-peace-deal-by-june-15-2026-734-856-129,5904694069529905826680225678119990013628860098514322777023141327768111791078,551.91,0.0,551.91,11,2026-06-18T00:15:16+00:00,2026-06-18T00:15:52+00:00,6,0x0188f161adc66dcb83459178f628f3431259b96a2c8b8189ee5d6ca2e01a4b11; 0x0b389f6a703b7aef97f95d04e9b7fb8335c162952e953f29bba1eef9a0ccdf28; 0x25ed25f65dfae29b2b1980265de2f0d0c52e0b97cc7d3c93cc12e2812c6b38bb; 0xafe692c4ba686c34d6923bdd965d4074c54e7760a7b3fc9459fe59a1fd6edfd6; 0xbeb88840857771799414d7b26720228465a89fcf5636b2badf68733c05522a9c
0x2200b75c27835935a40308779b5656c09ab40f2d,BOUGHT_TARGET_AND_FUTURE_MARKETS,0xc5331256bff341491df0656772c4245a99a483c58eeda2faa70fa6bb8b7b0405,RELATED_OR_FUTURE_MARKET,"US x Iran permanent peace deal by May 8, 2026?",us-x-iran-permanent-peace-deal-by-may-8-2026,53886837528295918199173213040710747917684350390439332312874024244950707854931,519.15,0.0,519.15,3,2026-05-08T22:13:57+00:00,2026-05-08T22:13:57+00:00,1,0x254b15b5c1f548a4d5048875ad5710ad546921fc8a2ab72e900d0df2ffc6aa05
0xb483d5718da4ac6f2aa39dc933f2043c5a3a0880,BOUGHT_TARGET_AND_FUTURE_MARKETS,0x20af55ab35186377b81219db6cb8615240cba42cea41731091be9484a5f5b122,RELATED_OR_FUTURE_MARKET,"US x Iran permanent peace deal by July 31, 2026?",us-x-iran-permanent-peace-deal-by-july-31-2026-831-252,99566541619640652317512639709808184120400767516277184685355777020179304540844,505.97,0.0,505.97,42,2026-06-17T07:52:13+00:00,2026-06-17T18:23:31+00:00,24,0x0a431063e957628d2d7e4b0b025cdd392d31e0561cacaa9c22f5368d2470fe7e; 0x0c5af630466343d5695a392b765d16711eb00d99366f28d427a89154cdfa1910; 0x14065340bd6f03490202f57a93cbef6141a2b0e6b54df70ed787de24788ae83b; 0x268ce5f2e315775b1fd482284417a1af50298025d76757ea9991ad4880723a0a; 0x30a737d3625028d8aed7df709f1384a314869da57e7ecd737078b9b48d09067b
0x1987733c8beae675c544752eafe437968efe6487,BOUGHT_TARGET_AND_FUTURE_MARKETS,0x087713ab2905e789c42c3fafdf747512f8d7883b7fab1ac554b703310c09d869,RELATED_OR_FUTURE_MARKET,"US x Iran permanent peace deal by October 31, 2026?",us-x-iran-permanent-peace-deal-by-october-31-2026,87454787582145370245918768733918745779368258596964798398674915534231998102607,497.34999999999985,0.0,497.34999999999985,62,2026-06-17T02:54:54+00:00,2026-06-17T18:13:34+00:00,43,0x155d7c7a3649135368c7315043d27a58da6e197f1d7f9d8981e4c13c1c1623c8; 0x18cd298d5bbed74f16c01be1a41577a4d64a3c77542784a1e533f1369f65d348; 0x19692b1408f09bda7fb20bd9890ac414f48b947df6a20859ef1f335a21e957aa; 0x212ba230e7b4605c795b5fbd8634c29226a15c3a3aa1be334ea4bc073b09b1de; 0x271482a786c4fb8d7dd1cf713af1b90e1ce3f2fbb3c5055bf52cebbf60c16a1e
0x615346ac3277f46c5282bd7eb20fc496d55144ab,BOUGHT_TARGET_AND_FUTURE_MARKETS,0x9769f78cbc95a5ed11895e6064bac471d8fd8f930b260cf581b68d3f58630d27,RELATED_OR_FUTURE_MARKET,"US x Iran permanent peace deal by December 31, 2026?",us-x-iran-permanent-peace-deal-by-december-31-2026-961-587-341-574-555-817,104718292808309433767402444061650910790437726449955521731268760928480423099204,495.37,0.0,495.37,36,2026-06-16T12:54:30+00:00,2026-06-17T19:35:31+00:00,28,0x05bc0d32432d7562f5e458f56b57a3b1abe87fd8c43dc1b9f03739c5f306cf5b; 0x068099d5ce8474f62a29b8719d9eed1e7e955dcbaf3df3715b29d2f88e16a892; 0x089a29d52a92cdd8e99885b76aff3e02e1fe162cce91dc2c6934ad1ed59997e9; 0x0da33dd5a5b41c3a507e8037d491aec7856d0b288fd515b0222335dc1e0e2262; 0x133013849f239242762b0e3866d0ef794e34568f7281336cf233cbcc75d1960b
0xa3c7c8c3c49427d840f7e62e46d202fae2a53e1f,BOUGHT_TARGET_AND_FUTURE_MARKETS,0x20af55ab35186377b81219db6cb8615240cba42cea41731091be9484a5f5b122,RELATED_OR_FUTURE_MARKET,"US x Iran permanent peace deal by July 31, 2026?",us-x-iran-permanent-peace-deal-by-july-31-2026-831-252,99566541619640652317512639709808184120400767516277184685355777020179304540844,446.54,0.0,446.54,70,2026-06-17T07:52:08+00:00,2026-06-18T00:00:34+00:00,30,0x025046b049ea4ad41919a563b199ff2c5b7f1ac2c9b4230b272b5b5d7a348407; 0x2091f3e854a6f0ea931b59f506781cdab4c0ded23e8e94031f7adef7d0616a65; 0x20f5e636f84febcbb5e77f15fbb42ee87477365cccdf1f28a09349da1784a544; 0x2691b7eb3f5ffe98d5a46f7b0de77b616be13fb841a35b162f8141cd4c7c3bf5; 0x306e6080b02ca7215afb1aa5b6882ea164de3ececa81507690a92b216ee6075b
0x1987733c8beae675c544752eafe437968efe6487,BOUGHT_TARGET_AND_FUTURE_MARKETS,0x9769f78cbc95a5ed11895e6064bac471d8fd8f930b260cf581b68d3f58630d27,RELATED_OR_FUTURE_MARKET,"US x Iran permanent peace deal by December 31, 2026?",us-x-iran-permanent-peace-deal-by-december-31-2026-961-587-341-574-555-817,104718292808309433767402444061650910790437726449955521731268760928480423099204,406.19000000000005,0.0,406.19000000000005,49,2026-06-16T11:29:55+00:00,2026-06-17T19:29:14+00:00,23,0x05af373e11e6c57c052ade04edd1442c59b973375d39521b2c56b5baa4220d8a; 0x066f690ba9ca53566f75047df10c887093da3eb825ada53e6563c48a6f1722c0; 0x0965e23508a72ee1a873eff3531d042295b7f42fc6e53ae634b3940f9b74c75e; 0x0990a91e824825b0cd2e6ed369dc80e980dc28c6d30c1ed3facabc75aa1f0079; 0x183c81f3248684c1a60acf44ff2bc9fd2f3beea44b84e767bed8604b86355e40
0x144e019d576f112fa767cc77240b98a7f31e5e08,BOUGHT_TARGET_AND_FUTURE_MARKETS,0xda519921a7090298cbdc56ee838a403a5193c2b3f637aef3e154e52de7b5e79c,RELATED_OR_FUTURE_MARKET,"US x Iran permanent peace deal by August 31, 2026?",us-x-iran-permanent-peace-deal-by-august-31-2026,18350166227701937595781661497315771588029127293300032980353664093725965421470,395.85000000000014,0.0,395.85000000000014,58,2026-06-16T11:42:01+00:00,2026-06-17T17:31:11+00:00,23,0x038550ebc40c1a51d613973e8a89ce5b86497e56df734abefc6fefa3efa9c082; 0x0e6a436325290e21af97c435ba0ec7ca230534008d6c830b7df1b90a9b9f2a33; 0x24acc2bc76e030e9b150d228ef63c5e2ee25481d3f0a01ba90c4a35ed1487d1f; 0x27822387a99381bb088c2c5c3ef431ca6cf5c1d286f2de530b20ac786b4a1c0b; 0x4403009a229e6ec61aebba4baee503e70da5cd71cbef41710601234707b2ddf6
0x5a892cefe9c01ed049d8e5193136abaf5808c186,BOUGHT_TARGET_AND_FUTURE_MARKETS,0xda519921a7090298cbdc56ee838a403a5193c2b3f637aef3e154e52de7b5e79c,RELATED_OR_FUTURE_MARKET,"US x Iran permanent peace deal by August 31, 2026?",us-x-iran-permanent-peace-deal-by-august-31-2026,18350166227701937595781661497315771588029127293300032980353664093725965421470,367.8000000000001,0.0,367.8000000000001,27,2026-06-17T07:57:28+00:00,2026-06-17T17:32:20+00:00,23,0x00c2d813f404bca7fd8ce516ce93f0434a65edd8510987de870ab81709583acb; 0x15b7defb2a168810566da9b1670addd8752f1bdf11a2cb32ea99d1584c008c9c; 0x42447c0db1956255b5754efe04b6b87d93b2f4adfdda6f4a550770d7408cd552; 0x4af8599b012f846f8fbec08f43b448849b0eec3283f095ef43eca0d43b43e152; 0x58f8f569c8bb325ebd4e4bbf226cecb83ceb6275dd23391ed13b9a1efbf5bf6f
0xe90fe094286107ab146138930fb878869702131e,BOUGHT_TARGET_AND_FUTURE_MARKETS,0xc5331256bff341491df0656772c4245a99a483c58eeda2faa70fa6bb8b7b0405,RELATED_OR_FUTURE_MARKET,"US x Iran permanent peace deal by May 8, 2026?",us-x-iran-permanent-peace-deal-by-may-8-2026,53886837528295918199173213040710747917684350390439332312874024244950707854931,358.0,0.0,358.0,6,2026-05-08T23:22:15+00:00,2026-05-09T00:05:02+00:00,2,0x8b381aa0e170e91df4495c708f605627770caad13fad1384c7763fac1d6fc9ea; 0xb81f8854e22375d686ec1961f0628f2314182c1f886a7cc4d35dfc8242a600c3
0xb483d5718da4ac6f2aa39dc933f2043c5a3a0880,BOUGHT_TARGET_AND_FUTURE_MARKETS,0x087713ab2905e789c42c3fafdf747512f8d7883b7fab1ac554b703310c09d869,RELATED_OR_FUTURE_MARKET,"US x Iran permanent peace deal by October 31, 2026?",us-x-iran-permanent-peace-deal-by-october-31-2026,87454787582145370245918768733918745779368258596964798398674915534231998102607,344.27,0.0,344.27,52,2026-06-17T07:58:49+00:00,2026-06-17T20:07:05+00:00,37,0x04b5917445e6dc62c01cc659e4bce2f23ab9c93f17d35f7308a66afccd7eb413; 0x129b7706511fecbf69aa1e7bb7f275a98c03e2d09faf1f3eec8e49820a7b5042; 0x2583b4f8526820226119233f63a813f1af837d0f573ee9b8f8867bc1bd369adf; 0x378621d7d2c6dae3e84798e647e7126c16ca525af1b25ccdaca3cbb9de728367; 0x4478366ae60eb1bcd5dff2126c29e027d9ab790e1a4ac4ba761a9407a2abb7c7
0x615346ac3277f46c5282bd7eb20fc496d55144ab,BOUGHT_TARGET_AND_FUTURE_MARKETS,0xda519921a7090298cbdc56ee838a403a5193c2b3f637aef3e154e52de7b5e79c,RELATED_OR_FUTURE_MARKET,"US x Iran permanent peace deal by August 31, 2026?",us-x-iran-permanent-peace-deal-by-august-31-2026,18350166227701937595781661497315771588029127293300032980353664093725965421470,340.0000000000001,0.0,340.0000000000001,22,2026-06-17T15:10:19+00:00,2026-06-17T17:32:01+00:00,22,0x0b17c61182cda63b1f643039c5e01282678dbb1991222794ea5e1fdfd3da6195; 0x11fdcc5048c8d569d499445c5158df2b01864e47430fe365b9471cd31c520bf8; 0x1364afd360bae94635dcfbce2edf4deb0db155b38cf111daeae673d3d6008c58; 0x1678eff9a72840bdf436dcdb8dcc64644061dcd63bb88263ab0fea870df0ea4a; 0x49e676debeffbaf16510eb27208d73aaf40d2e711ae28f3cd06961623d593d43
0xa3c7c8c3c49427d840f7e62e46d202fae2a53e1f,BOUGHT_TARGET_AND_FUTURE_MARKETS,0x087713ab2905e789c42c3fafdf747512f8d7883b7fab1ac554b703310c09d869,RELATED_OR_FUTURE_MARKET,"US x Iran permanent peace deal by October 31, 2026?",us-x-iran-permanent-peace-deal-by-october-31-2026,87454787582145370245918768733918745779368258596964798398674915534231998102607,312.92000000000013,0.0,312.92000000000013,79,2026-06-17T07:50:49+00:00,2026-06-17T14:51:47+00:00,37,0x099bae63d317741d73a4c8df42ae21e0428223e4207ff9ab9acdb35399ede465; 0x0e68e80abd8b62bf80cb590e34b0bb56cc55888949c827879ce3c9e323d7543b; 0x0f5706232e8a9dddcaf40d77e2eec165a3aac02e34000eaefdd199993e98a802; 0x1795994efd5c896a88d05faaf27a57d31d1d15d702dc662866db653c882bd420; 0x18688a5201b3e35750db14e3c4146f2dcce42836db40ce5568240be622372e90
0x24c8cf69a0e0a17eee21f69d29752bfa32e823e1,BOUGHT_TARGET_AND_FUTURE_MARKETS,0xda519921a7090298cbdc56ee838a403a5193c2b3f637aef3e154e52de7b5e79c,RELATED_OR_FUTURE_MARKET,"US x Iran permanent peace deal by August 31, 2026?",us-x-iran-permanent-peace-deal-by-august-31-2026,18350166227701937595781661497315771588029127293300032980353664093725965421470,302.24,0.0,302.24,15,2026-06-17T15:13:43+00:00,2026-06-17T15:22:38+00:00,9,0x0032a903957114b33f1c7d9246da16825b0eef3e17b4b7ced98c6fcd71c3e2e5; 0x0aa7aacde6918228a340182bc431dbdd4d380ff3fa28a787cfbbb88dffcf9050; 0x3b40969b1b298cefa29f1895ecee554445a14a51be91026698a8df39c65e8b2f; 0x4bf069f41dcd7bb4b4138d543f0eaf30586e275f4d7093beed56e039525e9dcc; 0x693408f795210716f592cca07ed8f53bb73f9e8ba993d27e3c6a6cb29729328b
0xb483d5718da4ac6f2aa39dc933f2043c5a3a0880,BOUGHT_TARGET_AND_FUTURE_MARKETS,0x6114a8a3f9ac214f48a7e20d169f1c7a5c84082cb6f7058ed9fe1137b11fd0e7,RELATED_OR_FUTURE_MARKET,"US x Iran permanent peace deal by June 30, 2026?",us-x-iran-permanent-peace-deal-by-june-30-2026-837-641-896-877-363-892-537-597,31867385211987925701696042012772036156561382644688734856312468506547392739862,275.88000000000005,0.0,275.88000000000005,124,2026-06-17T16:28:37+00:00,2026-06-18T00:14:16+00:00,14,0x017273475d6908319bb91f17e560f2217ee0448567028d36e6407e743932dcea; 0x01cee1751c59d8314fa07480283608a9ae14cce1442dcebbc1329d1de0bd137c; 0x06921978a112865837d97619c319f21500a16c39dfc6ace4a0b6c34949972434; 0x1d5e84a87fa666511bb0aaf769a0d4c28519894da1abb908bf7130f9dda11891; 0x2091317dcbf99c9d3a07c0ef9501a2fae44770b62a6d669c012442259bedb254
0x793ed200a1e8344d608a17763d9cb8773b3643bf,BOUGHT_TARGET_AND_FUTURE_MARKETS,0xd86a816093fcd0a0e1ca440bc5ce199bd3c5a8d6139e044b076958164f8c5423,TARGET_JUNE_15_MARKET,"US x Iran permanent peace deal by June 15, 2026?",us-x-iran-permanent-peace-deal-by-june-15-2026-734-856-129,5904694069529905826680225678119990013628860098514322777023141327768111791078,270.78999999999996,0.0,270.78999999999996,126,2026-06-17T22:55:04+00:00,2026-06-18T00:28:05+00:00,12,0x0f6544011a3ab5b8269f784f47d8f6a2cbd1861d3c362278394900c0e7d2448c; 0x1bd3c76c0b2dc08e6a9b2d962f0e37768e388198719d87324d266af37c70e2f3; 0x3d5d1868108ee8ce242c99db303ed385c2ae6b77642ac6c4d1ac1cdaf87959f7; 0x48fbb659b91b15884c02cba53232c99bb7a333c4b089c193f905405544ca6ee3; 0x4de3117141eb72991c47fe12f6ab543b1e6512c38cbc77bb2e6d3f39cc044dbe
0x71bd821b2c823cf67ed329abbb6a05d3ab9eac00,BOUGHT_TARGET_AND_FUTURE_MARKETS,0x9769f78cbc95a5ed11895e6064bac471d8fd8f930b260cf581b68d3f58630d27,RELATED_OR_FUTURE_MARKET,"US x Iran permanent peace deal by December 31, 2026?",us-x-iran-permanent-peace-deal-by-december-31-2026-961-587-341-574-555-817,104718292808309433767402444061650910790437726449955521731268760928480423099204,269.29,0.0,269.29,28,2026-06-16T11:29:57+00:00,2026-06-17T18:48:38+00:00,20,0x046bec81eb3187da7fab0eb79db85bb14a512f6d33790360f2176eac14a788e1; 0x1626d6ce84458cf223c23a345814e3ffe4023ec303deef15142353715d91a18e; 0x1f25e6a7a0ba5f4670c58fefad17666690f8fa4c2e934519975a5224a83702b2; 0x248fb0df6f0ecfbeb7f3067402ac2fbe0d67d424b50828fb847202847c70bd2c; 0x26efd660e71883f415b9692fadb6bafcd268e89c4feaa27bd76cbb116d35502d
0x648bad7080caa1a9931b2774b20e87eca75900ba,BOUGHT_TARGET_AND_FUTURE_MARKETS,0x6114a8a3f9ac214f48a7e20d169f1c7a5c84082cb6f7058ed9fe1137b11fd0e7,RELATED_OR_FUTURE_MARKET,"US x Iran permanent peace deal by June 30, 2026?",us-x-iran-permanent-peace-deal-by-june-30-2026-837-641-896-877-363-892-537-597,31867385211987925701696042012772036156561382644688734856312468506547392739862,237.061,0.0,237.061,21,2026-06-17T17:50:26+00:00,2026-06-17T19:01:08+00:00,7,0x0afc2df0897453061013be67115485b956c3647f0be2354e57077d78d5096ab6; 0x4721342a3441c1482f727b1d24c0007ebe30d00efa0103bdfe3094efd44d5946; 0x6002c34bcb3679628f21ecd751408030aa14651483bada0126ee09ffba323455; 0x634a0678542c02ee0eef8262cb79a4da179975da5b1a90497deeaa863fd65ffa; 0x63798b882b1b564d1c47d6fe9e0f00a621f76f96e498decfba44883708ff3724
0xa3c7c8c3c49427d840f7e62e46d202fae2a53e1f,BOUGHT_TARGET_AND_FUTURE_MARKETS,0x9769f78cbc95a5ed11895e6064bac471d8fd8f930b260cf581b68d3f58630d27,RELATED_OR_FUTURE_MARKET,"US x Iran permanent peace deal by December 31, 2026?",us-x-iran-permanent-peace-deal-by-december-31-2026-961-587-341-574-555-817,104718292808309433767402444061650910790437726449955521731268760928480423099204,222.37999999999994,0.0,222.37999999999994,105,2026-06-16T10:48:34+00:00,2026-06-17T16:55:01+00:00,16,0x043d0d448e0680e0f5f20f565d2d0e7005f33c1f4d5768c5bddd7ee5eb3fb578; 0x142f05c7a2a97dd4fe21acc708ac46df6e6b6747a3272a2d80b8d0d9bd289c2d; 0x35473a280d20a6870f6ef8b3a1c00e6a8d2e48d04ed58e0a504494fa520a41cc; 0x37a4cff5fe0cfdb36bfc992e9a3365dd85b553af30929a4082f5463e4b8e8233; 0x3bc15f16742443830c1076be5981b649bd0f3813ddfef7119a8bf40b4011c64e
0x12d6cccfc7470a3f4bafc53599a4779cbf2cf2a8,BOUGHT_FUTURE_MARKETS_ONLY,0x087713ab2905e789c42c3fafdf747512f8d7883b7fab1ac554b703310c09d869,RELATED_OR_FUTURE_MARKET,"US x Iran permanent peace deal by October 31, 2026?",us-x-iran-permanent-peace-deal-by-october-31-2026,87454787582145370245918768733918745779368258596964798398674915534231998102607,214.96,0.0,214.96,10,2026-06-17T08:32:49+00:00,2026-06-17T19:23:29+00:00,2,0x16eaf68702c67dd8843ba764557cbca2287f548b4e63658746473e447b04591b; 0x442c4d0f2edb1b23c4b79adc54c2650a1c773602459b345972c0ad2f440e1a4e
0xb483d5718da4ac6f2aa39dc933f2043c5a3a0880,BOUGHT_TARGET_AND_FUTURE_MARKETS,0xd86a816093fcd0a0e1ca440bc5ce199bd3c5a8d6139e044b076958164f8c5423,TARGET_JUNE_15_MARKET,"US x Iran permanent peace deal by June 15, 2026?",us-x-iran-permanent-peace-deal-by-june-15-2026-734-856-129,5904694069529905826680225678119990013628860098514322777023141327768111791078,210.95000000000002,0.0,210.95000000000002,82,2026-06-17T21:21:19+00:00,2026-06-18T00:31:07+00:00,10,0x28e5d19db7b35875b8cc83db43efeb214277ee8a7a87d3d781c4611813252abd; 0x32ee7279fce21dae7252c2134154399c73412705c55470df1369bbf579db5a2b; 0x43dc4e34bf1615a695f683abe45f33234168a7f8c74ea00518c6fb2af94a5b86; 0x53b9c3dd7fbd631a6513895216af678b15efbe72eedd14b2da49fdbc4b2f9c44; 0x75147453a0afe782bde36c5b46645755f1ac27bde6ed501658060948d1ccfae5
0x144e019d576f112fa767cc77240b98a7f31e5e08,BOUGHT_TARGET_AND_FUTURE_MARKETS,0xd86a816093fcd0a0e1ca440bc5ce199bd3c5a8d6139e044b076958164f8c5423,TARGET_JUNE_15_MARKET,"US x Iran permanent peace deal by June 15, 2026?",us-x-iran-permanent-peace-deal-by-june-15-2026-734-856-129,5904694069529905826680225678119990013628860098514322777023141327768111791078,204.97000000000003,0.0,204.97000000000003,83,2026-06-17T21:25:32+00:00,2026-06-18T00:32:16+00:00,10,0x21f47767cd7625fdf1112f1f2d034f3505062c258b53105659bb97b4dec2e3f3; 0x2a6ff0d89eec040f938b1a356b94ac3fbf8ef6745b15418de65a2bdd43e835ea; 0x2ef93ac40de834cbeb25ac18a755212e08718dbd0aa3a3cd62df831a360a698e; 0x47bef93cc2357b2e9da35527ed56783454061e8e03564de7ed4a3ff28f3965eb; 0x8286ad910d1ccdaa1ce0cabe6bdc9f560c955e034a058f016a5b4402798c9aab
0x5a892cefe9c01ed049d8e5193136abaf5808c186,BOUGHT_TARGET_AND_FUTURE_MARKETS,0x6114a8a3f9ac214f48a7e20d169f1c7a5c84082cb6f7058ed9fe1137b11fd0e7,RELATED_OR_FUTURE_MARKET,"US x Iran permanent peace deal by June 30, 2026?",us-x-iran-permanent-peace-deal-by-june-30-2026-837-641-896-877-363-892-537-597,31867385211987925701696042012772036156561382644688734856312468506547392739862,200.34,0.0,200.34,83,2026-06-17T16:24:17+00:00,2026-06-18T00:28:10+00:00,10,0x57d385974ad3c34664148cafc7572d4d6935735c82030b5c3ef8088edf3a87d7; 0x7896aae37e4a45a7d408d663900fd5ef6391a8b1aed0db32c3eb3077250d360c; 0x8be63473e487cf7451553f5a73e505fa4bd7b9fb99a36677e83a8c68d20ce464; 0x915c6d975413b19499c0f3a70a9a27bd93b028a362b2ee94dc42c71555fb7d2c; 0xa82777d2614147b6ef4d6e437d40895a14660e7a80ab405cfe52b03b8bb96331
0xa3c7c8c3c49427d840f7e62e46d202fae2a53e1f,BOUGHT_TARGET_AND_FUTURE_MARKETS,0xda519921a7090298cbdc56ee838a403a5193c2b3f637aef3e154e52de7b5e79c,RELATED_OR_FUTURE_MARKET,"US x Iran permanent peace deal by August 31, 2026?",us-x-iran-permanent-peace-deal-by-august-31-2026,18350166227701937595781661497315771588029127293300032980353664093725965421470,173.77999999999997,0.0,173.77999999999997,90,2026-06-17T07:56:43+00:00,2026-06-17T19:43:40+00:00,9,0x140408f49e912bfd3e2db1ed0be7ca922b545ecd4672d73567d2d1d1c2cf931a; 0x46729d7c43ba6403b3f3e40718f08fd7a780f8c9511f4cbd218a483d47bbcb09; 0x4b82e2e0f01dd43703abbae7412b78b89b337758d4ef4760c5394597a0ccc463; 0x7595a68be7751eb75792296862d0caa48d92df55a005b5269c58a0cf209a31e4; 0x9195d758dadc6d2c8e2aa523a27ab17888cf2111fef7e7ba08d6f0b2b9a6ad96
0x0c101db716b0d39f7b7431e7f5edbc3cc9adf96a,BOUGHT_FUTURE_MARKETS_ONLY,0xda519921a7090298cbdc56ee838a403a5193c2b3f637aef3e154e52de7b5e79c,RELATED_OR_FUTURE_MARKET,"US x Iran permanent peace deal by August 31, 2026?",us-x-iran-permanent-peace-deal-by-august-31-2026,18350166227701937595781661497315771588029127293300032980353664093725965421470,151.24,0.0,151.24,7,2026-06-17T19:43:41+00:00,2026-06-17T19:43:44+00:00,7,0x51d2d39dac7429061b16315c4a7edecb9033c38bd5ffda730472de3e07f5f5b7; 0x788c079849c9c99470ee021352e2a169e45f4d3c7bb4a0c17c3df80fb53ad07b; 0x918e23f84640a35d3a7c81dd6cc823224152d10094a109dc981efd2d83fa2dcc; 0x9b7465076e2928cc7008805dfc0677a2e7eb8e60967bb57f883ba162c6f060fc; 0xcb4028b46dc0016e0b500e775c61b5ab1282cc65daae19d66152c6b1ae7d686d
0x40604cb1f958c03bea0b18aa43e4cb0d62f33ec3,BOUGHT_TARGET_AND_FUTURE_MARKETS,0x6114a8a3f9ac214f48a7e20d169f1c7a5c84082cb6f7058ed9fe1137b11fd0e7,RELATED_OR_FUTURE_MARKET,"US x Iran permanent peace deal by June 30, 2026?",us-x-iran-permanent-peace-deal-by-june-30-2026-837-641-896-877-363-892-537-597,31867385211987925701696042012772036156561382644688734856312468506547392739862,150.55,0.0,150.55,7,2026-06-17T23:55:11+00:00,2026-06-17T23:55:11+00:00,1,0xc8804b12d415e043e0eef40553a949e4fce4c0bf35c2b59b42296ecb94b30692
0x5a892cefe9c01ed049d8e5193136abaf5808c186,BOUGHT_TARGET_AND_FUTURE_MARKETS,0xd86a816093fcd0a0e1ca440bc5ce199bd3c5a8d6139e044b076958164f8c5423,TARGET_JUNE_15_MARKET,"US x Iran permanent peace deal by June 15, 2026?",us-x-iran-permanent-peace-deal-by-june-15-2026-734-856-129,5904694069529905826680225678119990013628860098514322777023141327768111791078,132.64,0.0,132.64,32,2026-06-17T21:21:37+00:00,2026-06-17T23:57:13+00:00,7,0x0d5b51af9e5e67d73351864e1af95adb1e763c4ab6dbff5b230e654894cb55ac; 0x12a0f293dcc4cdbe458f186f85e3d65782634fc1f3ce97256b3e24b3a441b993; 0x30be15ee2ae1cd03a16d7d9d116dfaa219099105ca63548aa17345d75742021e; 0x4ab083bf34d700ba42b46049bb30d7d5e037cc68f4d59f81bddc09a18444f16b; 0x99970e4b1f0c485fa67bfaa299747436775434bb6f3930e3e6620a6441553bc9
0x0c101db716b0d39f7b7431e7f5edbc3cc9adf96a,BOUGHT_FUTURE_MARKETS_ONLY,0x9769f78cbc95a5ed11895e6064bac471d8fd8f930b260cf581b68d3f58630d27,RELATED_OR_FUTURE_MARKET,"US x Iran permanent peace deal by December 31, 2026?",us-x-iran-permanent-peace-deal-by-december-31-2026-961-587-341-574-555-817,104718292808309433767402444061650910790437726449955521731268760928480423099204,112.94,0.0,112.94,6,2026-06-17T19:33:13+00:00,2026-06-17T19:35:35+00:00,3,0x5af075ff02c839ddf460cef91a5b2a6d061f11a08e997b54c0ac27cb35d86f09; 0x86b9f69d804ee35c31374a1d215533b6702377caef65184c3b04868f37882558; 0xc767f5562f518b4cbed101a5535ae284c4d8382221d7f1e43840327e7cfa9c9e
0xb483d5718da4ac6f2aa39dc933f2043c5a3a0880,BOUGHT_TARGET_AND_FUTURE_MARKETS,0xda519921a7090298cbdc56ee838a403a5193c2b3f637aef3e154e52de7b5e79c,RELATED_OR_FUTURE_MARKET,"US x Iran permanent peace deal by August 31, 2026?",us-x-iran-permanent-peace-deal-by-august-31-2026,18350166227701937595781661497315771588029127293300032980353664093725965421470,106.88999999999999,0.0,106.88999999999999,44,2026-06-16T17:23:17+00:00,2026-06-17T17:17:05+00:00,7,0x5a9e51c10a76424609adbc8d063fb175d8ae5b95a7e74928a18129c5d1d3b1b5; 0x68b8a65268e807f2a3033476b9ed169ff2bd61d186473114501b1eb6532c7194; 0x6bc516581c5377456269fa8f5286a698926ca78ae37ba6d7ee93aaf8670e18b2; 0x910d7aa075f4e3f08dfdfa5ecbf18f573a9195a39f3e20d7cee63633a791b074; 0x95a473a53da4b97ac91c04ecac99419b6d204812afe7a9f49d387e1c3d696308
0x0c101db716b0d39f7b7431e7f5edbc3cc9adf96a,BOUGHT_FUTURE_MARKETS_ONLY,0x087713ab2905e789c42c3fafdf747512f8d7883b7fab1ac554b703310c09d869,RELATED_OR_FUTURE_MARKET,"US x Iran permanent peace deal by October 31, 2026?",us-x-iran-permanent-peace-deal-by-october-31-2026,87454787582145370245918768733918745779368258596964798398674915534231998102607,103.69000000000001,0.0,103.69000000000001,8,2026-06-17T20:07:07+00:00,2026-06-17T20:07:08+00:00,5,0x021ead4ba6eeff1b24ff36b4cbccde8b5d79a866f009b081d83ec05dd0dd757a; 0x5a95f272fcd5afbe798d36b8c19f60fd2f11f20c8325ee950009bfa63aed151f; 0x8d0e4f2e2ac45b52b18e8fd207045d9fbd22d3167d23461aad47bce376a31d23; 0xda765354d46c4732ce8e8c680974f52150bccde56f6bb0cdcb804e5ef8c3e77c; 0xf5f0d32ff5badbf64498b6ffa0968039fdf6d8f844000bf0478bba3167f6fee8
0xb483d5718da4ac6f2aa39dc933f2043c5a3a0880,BOUGHT_TARGET_AND_FUTURE_MARKETS,0x9769f78cbc95a5ed11895e6064bac471d8fd8f930b260cf581b68d3f58630d27,RELATED_OR_FUTURE_MARKET,"US x Iran permanent peace deal by December 31, 2026?",us-x-iran-permanent-peace-deal-by-december-31-2026-961-587-341-574-555-817,104718292808309433767402444061650910790437726449955521731268760928480423099204,99.7,0.0,99.7,18,2026-06-16T10:48:33+00:00,2026-06-17T19:27:43+00:00,8,0x139fa5041712fb3d072861677a58fb178a7763823a060aa599e73f82c2cfac81; 0x2fc56d5247e085a41b649eec613dcd6af7a7d2576b9a07a73501306595161cab; 0x5621a85831605dc937ba78e2a006a325d25df7ee6b1b36ff1c8b9a3033c322d2; 0x6632ebafb1151484db8624b30687772ca407b91c05cc29e5230216ad6c97e03f; 0x70f72c46b529364ea766654faf30d26dc7a1b597707d1ffeb38c122a4c5ea152
0x615346ac3277f46c5282bd7eb20fc496d55144ab,BOUGHT_TARGET_AND_FUTURE_MARKETS,0xd86a816093fcd0a0e1ca440bc5ce199bd3c5a8d6139e044b076958164f8c5423,TARGET_JUNE_15_MARKET,"US x Iran permanent peace deal by June 15, 2026?",us-x-iran-permanent-peace-deal-by-june-15-2026-734-856-129,5904694069529905826680225678119990013628860098514322777023141327768111791078,98.17999999999999,0.0,98.17999999999999,13,2026-06-17T21:21:38+00:00,2026-06-18T00:22:23+00:00,5,0x560074376b78e0736eb5fb363ed2d648f69674c98ededfbe3b7624536c431fa9; 0x9eca01604d0d6925142c22d1dc88e49a910c2b777b73b54a5c6f53bc2c04f8ea; 0xbbdd05c3b02349bef1f4e64acb8726a22d5d5107a037eea43d1178924ce9532a; 0xde26508a1e1bc0020ce08c06a6621a441648222fca9b724598b6ca3dc253c5cd; 0xf52e558091749290ca7be43610bcdd985f4025e568439c312d3432d0d9b1534b
0xb8a47d387beb9ec7fd4baaec05396e9677cea13b,BOUGHT_TARGET_AND_FUTURE_MARKETS,0x6114a8a3f9ac214f48a7e20d169f1c7a5c84082cb6f7058ed9fe1137b11fd0e7,RELATED_OR_FUTURE_MARKET,"US x Iran permanent peace deal by June 30, 2026?",us-x-iran-permanent-peace-deal-by-june-30-2026-837-641-896-877-363-892-537-597,31867385211987925701696042012772036156561382644688734856312468506547392739862,96.30000000000001,0.0,96.30000000000001,44,2026-06-17T16:42:43+00:00,2026-06-17T18:56:58+00:00,6,0x02b88c36284aae9ac6567dc9ae81466c3c7093f63ac96e73ce48a23fb0e301ec; 0x07d54410d8f85d55fa23fc580b9fd04de1a69e27c40dc57659664fcc43a7ff9d; 0x085caba756e55e8a926ca288de33dcdca394844933ce5714e5fc7a9ed1435fe1; 0x221d803eda20ac84500deeafc15f8f410a25fcd8a9a535baa4523c6100d9e2d3; 0x2ce847954d83e489cf823d0cc97dba45c8cc4637d53cda9a0d32ef03cf766e95
0xe90fe094286107ab146138930fb878869702131e,BOUGHT_TARGET_AND_FUTURE_MARKETS,0xd86a816093fcd0a0e1ca440bc5ce199bd3c5a8d6139e044b076958164f8c5423,TARGET_JUNE_15_MARKET,"US x Iran permanent peace deal by June 15, 2026?",us-x-iran-permanent-peace-deal-by-june-15-2026-734-856-129,5904694069529905826680225678119990013628860098514322777023141327768111791078,82.96799999999999,0.0,82.96799999999999,18,2026-06-17T23:50:11+00:00,2026-06-17T23:51:04+00:00,6,0x2999fd5d4b8c693f4beb9e0a9ffe3f1bf9c43d019601b15dbf5981c27a51af32; 0x30e6e36f3225673fca3783fb64dea31975a397801062e02dbd2c97acf757486c; 0x76cdb5d815ae92ed517b1d6a56d17c02078990d428589e7bfea987c89b176568; 0xa0985976f35dd340ae9a9475dc85ddefd284203b4ebde8b5d4ba19fdcb09295b; 0xbe0e3a525922bbd36759bbc4bf620019d9f3c300b25e9a5bbe1066490eabc2b6
0x2fa801da750904fc348ccb9315a0b892377d4359,BOUGHT_TARGET_AND_FUTURE_MARKETS,0x6114a8a3f9ac214f48a7e20d169f1c7a5c84082cb6f7058ed9fe1137b11fd0e7,RELATED_OR_FUTURE_MARKET,"US x Iran permanent peace deal by June 30, 2026?",us-x-iran-permanent-peace-deal-by-june-30-2026-837-641-896-877-363-892-537-597,31867385211987925701696042012772036156561382644688734856312468506547392739862,78.0,0.0,78.0,25,2026-06-17T17:58:26+00:00,2026-06-17T23:03:16+00:00,3,0x7ff2a4117b4675b96bbf02b06aed9f957570b13d419399540b3c3974371afc93; 0xbad7e561505ba9a1dabe347ea026bf617e9342ae1ddf061d81d751399d680ac4; 0xff706dd1a24093d515b12d33413ca11c1208012fb5b9adca8b619e5b8fbab887
0x71bd821b2c823cf67ed329abbb6a05d3ab9eac00,BOUGHT_TARGET_AND_FUTURE_MARKETS,0xda519921a7090298cbdc56ee838a403a5193c2b3f637aef3e154e52de7b5e79c,RELATED_OR_FUTURE_MARKET,"US x Iran permanent peace deal by August 31, 2026?",us-x-iran-permanent-peace-deal-by-august-31-2026,18350166227701937595781661497315771588029127293300032980353664093725965421470,77.85000000000001,0.0,77.85000000000001,50,2026-06-17T01:32:16+00:00,2026-06-17T08:04:53+00:00,5,0x7f2ae780d9cf4c2c0a4c041ae30781d97d74a857a82cec76d70b0aa74d18aa3b; 0x854acc04a9b8b2f31d31565437d0b51d4a12ac4f91f1295b4b0e2cf07bd8997d; 0xcdd99c71c9606615b047bc6504c079ca938b95128e2826791393192d7b1f4232; 0xe0cb630ab4638665ba69303869b5c14eb01e1c794fab3c9d6d200d2f83596e6b; 0xf50ccf7265723b5ad29e4830e2d27422bb3b174c0c976a21bce58a3514b4eb3d
0x793ed200a1e8344d608a17763d9cb8773b3643bf,BOUGHT_TARGET_AND_FUTURE_MARKETS,0x9769f78cbc95a5ed11895e6064bac471d8fd8f930b260cf581b68d3f58630d27,RELATED_OR_FUTURE_MARKET,"US x Iran permanent peace deal by December 31, 2026?",us-x-iran-permanent-peace-deal-by-december-31-2026-961-587-341-574-555-817,104718292808309433767402444061650910790437726449955521731268760928480423099204,68.88,0.0,68.88,25,2026-06-16T11:29:45+00:00,2026-06-17T19:28:40+00:00,7,0x19b97d7ad3a1cab20df10033d12e0b08e93fe49e6c104a6aef663410879e87bf; 0x30499ad2ff11c871f96b70525da1cb54528f0aeef296cca73d6089d6ca9bfbcf; 0x3e33348048057ce71387d750deb5e4deb7fa764e099551f6979e8b0350e73372; 0x537e307e461859cb11c5c7c52ac0ed416726eb2616b6f24a0886893314a13951; 0x8d1813de198d69a73cb1e1df6f5e0eb5413e4edf1f5fbf68e3c8f18fb005bc10
0x71bd821b2c823cf67ed329abbb6a05d3ab9eac00,BOUGHT_TARGET_AND_FUTURE_MARKETS,0xd86a816093fcd0a0e1ca440bc5ce199bd3c5a8d6139e044b076958164f8c5423,TARGET_JUNE_15_MARKET,"US x Iran permanent peace deal by June 15, 2026?",us-x-iran-permanent-peace-deal-by-june-15-2026-734-856-129,5904694069529905826680225678119990013628860098514322777023141327768111791078,61.31999999999999,0.0,61.31999999999999,20,2026-06-17T23:01:35+00:00,2026-06-18T00:16:05+00:00,4,0x0466f9057604b41deead2f8f7106cfb7be54ad4c41728dd365bdbee979aea54a; 0x9297b73014472f54209e0d45cbb0daac43f640971fdf5274290880c5200f5111; 0xced4f579bfea28ac1c4cd2e4602b36481bfe894cc75a1d093203a1486d896d8f; 0xdcde28672df700f92c6338f39fc28d1b75f5fd941e0579d61ca0343a9c606864
0x615346ac3277f46c5282bd7eb20fc496d55144ab,BOUGHT_TARGET_AND_FUTURE_MARKETS,0x6114a8a3f9ac214f48a7e20d169f1c7a5c84082cb6f7058ed9fe1137b11fd0e7,RELATED_OR_FUTURE_MARKET,"US x Iran permanent peace deal by June 30, 2026?",us-x-iran-permanent-peace-deal-by-june-30-2026-837-641-896-877-363-892-537-597,31867385211987925701696042012772036156561382644688734856312468506547392739862,57.93,0.0,57.93,5,2026-06-17T17:14:04+00:00,2026-06-18T00:01:10+00:00,3,0x0dac6f20b99b3b4e1b18b7358ed4e66dd793c1017d6fd0cb364ea7a2104abcd8; 0xc98020f5f71f2a7363d4306050da23f0408bcb622731dbf4582fff720ec618d2; 0xd78ff76725030ec07ea5a7e34a338f5ad621be0f51aba505644ca6244fd35680
0x1987733c8beae675c544752eafe437968efe6487,BOUGHT_TARGET_AND_FUTURE_MARKETS,0xda519921a7090298cbdc56ee838a403a5193c2b3f637aef3e154e52de7b5e79c,RELATED_OR_FUTURE_MARKET,"US x Iran permanent peace deal by August 31, 2026?",us-x-iran-permanent-peace-deal-by-august-31-2026,18350166227701937595781661497315771588029127293300032980353664093725965421470,53.67,0.0,53.67,11,2026-06-17T08:04:38+00:00,2026-06-17T22:20:56+00:00,4,0x8731e50c149cc8b0a1c3bc8afe4d62171610d5efca33b45874d99adc7ebeef95; 0x999a1c2e46a25666161fd9919935ddc7854a288ab2206c327d534615d162eedc; 0xa59872e345e62b57918232fcaadc172f57b963d04bd943c4173d6619c352e81b; 0xadd8dcd714bc62a79e49e8a4d19c4d6377c48d45e9e30fba14ebd4c7f679a4fd
0xb8a47d387beb9ec7fd4baaec05396e9677cea13b,BOUGHT_TARGET_AND_FUTURE_MARKETS,0x087713ab2905e789c42c3fafdf747512f8d7883b7fab1ac554b703310c09d869,RELATED_OR_FUTURE_MARKET,"US x Iran permanent peace deal by October 31, 2026?",us-x-iran-permanent-peace-deal-by-october-31-2026,87454787582145370245918768733918745779368258596964798398674915534231998102607,45.95,0.0,45.95,16,2026-06-17T07:59:16+00:00,2026-06-17T09:11:23+00:00,4,0x06e4d5c079dc1fac2ecfee58fb24af1616ba557a3eb885a13940a11aeb3b3c35; 0x3ffd8fc2bbb397f05cc9d90b43999e38f8c7f74e93547905c7711adf0eb9283d; 0x4e84b42fb56320227c3b0bda209e56b0ca782125e4ab889c3adb483749cbf0dd; 0xe2ec6da8d577cf47e858152d03df7bcde01e9d50c0b15587fb02bc95273337f4
0xa3c7c8c3c49427d840f7e62e46d202fae2a53e1f,BOUGHT_TARGET_AND_FUTURE_MARKETS,0xd86a816093fcd0a0e1ca440bc5ce199bd3c5a8d6139e044b076958164f8c5423,TARGET_JUNE_15_MARKET,"US x Iran permanent peace deal by June 15, 2026?",us-x-iran-permanent-peace-deal-by-june-15-2026-734-856-129,5904694069529905826680225678119990013628860098514322777023141327768111791078,40.66,0.0,40.66,18,2026-06-17T21:22:55+00:00,2026-06-17T22:09:37+00:00,2,0x5d0b4e4bf8a27bd7f3b3533e1d1e8212acc14bb1ea05da4a133be917979db857; 0xa6ad4ce2b1cd4f7d7de1d08bd7e28932847497f83e71b1f221f179c0348031cf
0xdbc45db6ba0618e6182109854e8d19a77b4f4347,BOUGHT_TARGET_AND_FUTURE_MARKETS,0xd86a816093fcd0a0e1ca440bc5ce199bd3c5a8d6139e044b076958164f8c5423,TARGET_JUNE_15_MARKET,"US x Iran permanent peace deal by June 15, 2026?",us-x-iran-permanent-peace-deal-by-june-15-2026-734-856-129,5904694069529905826680225678119990013628860098514322777023141327768111791078,40.288999999999994,0.0,40.288999999999994,18,2026-06-17T23:50:08+00:00,2026-06-17T23:50:58+00:00,6,0x32fb577e61eff2908d526bc94d1a994b22e6d3fc4f25436a39873bf23e2c47dd; 0x4b13c4b7bc2ed979fe046a7b22b6b6ea71f2db465da2c5e197aa018a6e831184; 0x4ee7d2ee81e91675608f16c24aca66fd074d2e4d65686dcc8f19d59c81e66776; 0x5f0c77aca5213bbfddca9badf2b00fba52d299fade07d6caf685ca2cf45caa9f; 0x79538ad7d48d89147d3445dbb54499c3407c4adfc80f36688ae7cb71350b8808
0xa3c7c8c3c49427d840f7e62e46d202fae2a53e1f,BOUGHT_TARGET_AND_FUTURE_MARKETS,0x6114a8a3f9ac214f48a7e20d169f1c7a5c84082cb6f7058ed9fe1137b11fd0e7,RELATED_OR_FUTURE_MARKET,"US x Iran permanent peace deal by June 30, 2026?",us-x-iran-permanent-peace-deal-by-june-30-2026-837-641-896-877-363-892-537-597,31867385211987925701696042012772036156561382644688734856312468506547392739862,40.120000000000005,0.0,40.120000000000005,5,2026-06-17T17:14:04+00:00,2026-06-18T00:02:04+00:00,3,0x1eca5a053f9dfd891034aa5c66e57801a71f6371dca51ffbfae0fca8c39ab14a; 0x3e4e28101064d508d5678399d6c1fe04807e594c52180457dc55d5dd3f6e7252; 0x6fdb5b1166d2fb1d193962eabb917a74bdb574bd169696bed1faa711080dae31
0x793ed200a1e8344d608a17763d9cb8773b3643bf,BOUGHT_TARGET_AND_FUTURE_MARKETS,0x6114a8a3f9ac214f48a7e20d169f1c7a5c84082cb6f7058ed9fe1137b11fd0e7,RELATED_OR_FUTURE_MARKET,"US x Iran permanent peace deal by June 30, 2026?",us-x-iran-permanent-peace-deal-by-june-30-2026-837-641-896-877-363-892-537-597,31867385211987925701696042012772036156561382644688734856312468506547392739862,39.94,0.0,39.94,15,2026-06-17T19:17:46+00:00,2026-06-18T00:00:49+00:00,3,0x5bae5cc072f590bd6f863749a2e43f095f57e97eea78648c37d91c064d1a7657; 0x86c6773b7cbc2e9cfc81995819e37dd5722a3b1ac718f4c860389c930c16ce44; 0xfd64f78520b4d1653abde5901db689d9c6fe234b025387f00deb03d807a1e781
0x02e7f29f3e612a95a9ccca7131ce7dd5d56b59e5,BOUGHT_TARGET_AND_FUTURE_MARKETS,0x20af55ab35186377b81219db6cb8615240cba42cea41731091be9484a5f5b122,RELATED_OR_FUTURE_MARKET,"US x Iran permanent peace deal by July 31, 2026?",us-x-iran-permanent-peace-deal-by-july-31-2026-831-252,99566541619640652317512639709808184120400767516277184685355777020179304540844,39.31,0.0,39.31,2,2026-06-17T19:30:41+00:00,2026-06-17T19:30:41+00:00,2,0x520c63709bfa598aa19446c48f4d87d54e8bbff83da6bff61d71f5f666196256; 0xc544faf9f00740eee2bf24f2eede164391c2eb96765a774cefa165392c081fd4
0x793ed200a1e8344d608a17763d9cb8773b3643bf,BOUGHT_TARGET_AND_FUTURE_MARKETS,0xda519921a7090298cbdc56ee838a403a5193c2b3f637aef3e154e52de7b5e79c,RELATED_OR_FUTURE_MARKET,"US x Iran permanent peace deal by August 31, 2026?",us-x-iran-permanent-peace-deal-by-august-31-2026,18350166227701937595781661497315771588029127293300032980353664093725965421470,38.9,0.0,38.9,12,2026-06-16T16:56:35+00:00,2026-06-17T08:04:13+00:00,4,0x34cb808e3d002e5c7cfeea38c66c1640e78238bf33b8402a98862444e02e35f1; 0x601f1b014672933807e6d515ee7ee800c15919a666ade9976038a996a76c88ee; 0x85c9395324c86a34768670e4526cdb06e9e0c19f7ccf2690bc5ee7d58c20e67c; 0xbb7904412936519a9d7f3aa5fc084f49922b2ad542cec4cf941ed9fd78859ab0
0xb8a47d387beb9ec7fd4baaec05396e9677cea13b,BOUGHT_TARGET_AND_FUTURE_MARKETS,0xd86a816093fcd0a0e1ca440bc5ce199bd3c5a8d6139e044b076958164f8c5423,TARGET_JUNE_15_MARKET,"US x Iran permanent peace deal by June 15, 2026?",us-x-iran-permanent-peace-deal-by-june-15-2026-734-856-129,5904694069529905826680225678119990013628860098514322777023141327768111791078,28.47,0.0,28.47,4,2026-06-17T22:51:55+00:00,2026-06-17T22:51:55+00:00,1,0x6b3b7b1e1ead37d7ecd56d417e9298d7a19fa87eb0462622f9e023741ff77099
0x71bd821b2c823cf67ed329abbb6a05d3ab9eac00,BOUGHT_TARGET_AND_FUTURE_MARKETS,0x6114a8a3f9ac214f48a7e20d169f1c7a5c84082cb6f7058ed9fe1137b11fd0e7,RELATED_OR_FUTURE_MARKET,"US x Iran permanent peace deal by June 30, 2026?",us-x-iran-permanent-peace-deal-by-june-30-2026-837-641-896-877-363-892-537-597,31867385211987925701696042012772036156561382644688734856312468506547392739862,20.88,0.0,20.88,4,2026-06-17T19:17:46+00:00,2026-06-18T00:01:34+00:00,2,0x5d6cb1b32855de0be6acd3ce1059459c770129cb9c5731010ac2732a613beb06; 0xaf24f0714731bfd9f6859cf39bd5e3b4d43b9cc8f6dc5199124423b47f1194b7
0x144e019d576f112fa767cc77240b98a7f31e5e08,BOUGHT_TARGET_AND_FUTURE_MARKETS,0x6114a8a3f9ac214f48a7e20d169f1c7a5c84082cb6f7058ed9fe1137b11fd0e7,RELATED_OR_FUTURE_MARKET,"US x Iran permanent peace deal by June 30, 2026?",us-x-iran-permanent-peace-deal-by-june-30-2026-837-641-896-877-363-892-537-597,31867385211987925701696042012772036156561382644688734856312468506547392739862,20.31,0.0,20.31,2,2026-06-17T17:14:04+00:00,2026-06-18T00:01:19+00:00,2,0x281c4bcfb0e82f1d4831115c8a748ea75dd647616db0be77a3c4874213c300a3; 0x9a6a37c4ec8309a81092a467edb00154aa5775ac8d87f6c42e1230bb6899349e
0x2fa801da750904fc348ccb9315a0b892377d4359,BOUGHT_TARGET_AND_FUTURE_MARKETS,0x087713ab2905e789c42c3fafdf747512f8d7883b7fab1ac554b703310c09d869,RELATED_OR_FUTURE_MARKET,"US x Iran permanent peace deal by October 31, 2026?",us-x-iran-permanent-peace-deal-by-october-31-2026,87454787582145370245918768733918745779368258596964798398674915534231998102607,17.32,0.0,17.32,3,2026-06-17T07:59:10+00:00,2026-06-17T07:59:10+00:00,2,0x7703d71f22ff4e8af366709c07f653d3371d1a303add9d6d617bc745c74445fe; 0x9c798d3a91630472320f0bf049169e2b46d5903782f8b5c984fabbf735066119
0x12d6cccfc7470a3f4bafc53599a4779cbf2cf2a8,BOUGHT_FUTURE_MARKETS_ONLY,0xda519921a7090298cbdc56ee838a403a5193c2b3f637aef3e154e52de7b5e79c,RELATED_OR_FUTURE_MARKET,"US x Iran permanent peace deal by August 31, 2026?",us-x-iran-permanent-peace-deal-by-august-31-2026,18350166227701937595781661497315771588029127293300032980353664093725965421470,16.8,0.0,16.8,1,2026-06-17T17:17:11+00:00,2026-06-17T17:17:11+00:00,1,0x629bf47d1098d6dbfe6df824a13393c85c463b431199e3886417d737a82be500
0x2fa801da750904fc348ccb9315a0b892377d4359,BOUGHT_TARGET_AND_FUTURE_MARKETS,0x9769f78cbc95a5ed11895e6064bac471d8fd8f930b260cf581b68d3f58630d27,RELATED_OR_FUTURE_MARKET,"US x Iran permanent peace deal by December 31, 2026?",us-x-iran-permanent-peace-deal-by-december-31-2026-961-587-341-574-555-817,104718292808309433767402444061650910790437726449955521731268760928480423099204,15.280000000000001,0.0,15.280000000000001,27,2026-06-16T11:02:45+00:00,2026-06-16T18:10:13+00:00,3,0x06e52e2772ebb52860dab5a1e9fcbd77be37a4bcd99919626c3a1d75ff000813; 0x36e287f03688873ac2f65800e915ac81dfba620d4cf5b7e1c5af0b09c64f9f60; 0x71e9bda90d828690ed8788a4f2eba8638621b9c818a0e65cbfd9f2d8cbad0790
0xb8a47d387beb9ec7fd4baaec05396e9677cea13b,BOUGHT_TARGET_AND_FUTURE_MARKETS,0x20af55ab35186377b81219db6cb8615240cba42cea41731091be9484a5f5b122,RELATED_OR_FUTURE_MARKET,"US x Iran permanent peace deal by July 31, 2026?",us-x-iran-permanent-peace-deal-by-july-31-2026-831-252,99566541619640652317512639709808184120400767516277184685355777020179304540844,14.0,0.0,14.0,9,2026-06-17T07:53:02+00:00,2026-06-17T22:18:55+00:00,2,0x79851cbb334d82fb44371c63c84b506426b2b46b480c689780fb7b740b4f55e3; 0x8781218e2ef00e973963107cb54e2b7548fe8ef17338ff44c464c37ab2b39813
0xb8a47d387beb9ec7fd4baaec05396e9677cea13b,BOUGHT_TARGET_AND_FUTURE_MARKETS,0x9769f78cbc95a5ed11895e6064bac471d8fd8f930b260cf581b68d3f58630d27,RELATED_OR_FUTURE_MARKET,"US x Iran permanent peace deal by December 31, 2026?",us-x-iran-permanent-peace-deal-by-december-31-2026-961-587-341-574-555-817,104718292808309433767402444061650910790437726449955521731268760928480423099204,13.52,0.0,13.52,20,2026-06-17T15:12:41+00:00,2026-06-17T17:26:10+00:00,2,0x5628523984c5df05380f917de9e2b10ee7775da61c0a51b4f85fa94026fdab46; 0xd6c86e7a0649d07f730b9bf4e8acd81ed95690ca42b1462d009901eeef5df0f1
0x2fa801da750904fc348ccb9315a0b892377d4359,BOUGHT_TARGET_AND_FUTURE_MARKETS,0xd86a816093fcd0a0e1ca440bc5ce199bd3c5a8d6139e044b076958164f8c5423,TARGET_JUNE_15_MARKET,"US x Iran permanent peace deal by June 15, 2026?",us-x-iran-permanent-peace-deal-by-june-15-2026-734-856-129,5904694069529905826680225678119990013628860098514322777023141327768111791078,11.57,0.0,11.57,15,2026-06-18T00:14:10+00:00,2026-06-18T00:28:05+00:00,2,0x6833ac8c32526969e20896d95232d2f303312a24a778a43aaef47d9a56ad2af9; 0xe744de24c6ff0e1ed95d79e496c20e0776987e3499cc8bb2191695215b767ade
0x648bad7080caa1a9931b2774b20e87eca75900ba,BOUGHT_TARGET_AND_FUTURE_MARKETS,0xd86a816093fcd0a0e1ca440bc5ce199bd3c5a8d6139e044b076958164f8c5423,TARGET_JUNE_15_MARKET,"US x Iran permanent peace deal by June 15, 2026?",us-x-iran-permanent-peace-deal-by-june-15-2026-734-856-129,5904694069529905826680225678119990013628860098514322777023141327768111791078,10.990991,0.0,10.990991,1,2026-06-18T00:23:58+00:00,2026-06-18T00:23:58+00:00,1,0x912347593bd23aa9e74ed71ed32abcbfdeea8590d67d27c66640fafb4fd87892
0x1987733c8beae675c544752eafe437968efe6487,BOUGHT_TARGET_AND_FUTURE_MARKETS,0xd86a816093fcd0a0e1ca440bc5ce199bd3c5a8d6139e044b076958164f8c5423,TARGET_JUNE_15_MARKET,"US x Iran permanent peace deal by June 15, 2026?",us-x-iran-permanent-peace-deal-by-june-15-2026-734-856-129,5904694069529905826680225678119990013628860098514322777023141327768111791078,10.54,0.0,10.54,2,2026-06-18T00:28:07+00:00,2026-06-18T00:28:07+00:00,1,0xd46e3493da7036cd1effcce08c9418b69a6156601db4fea6d74358cbb2e4cbed
0x24c8cf69a0e0a17eee21f69d29752bfa32e823e1,BOUGHT_TARGET_AND_FUTURE_MARKETS,0x20af55ab35186377b81219db6cb8615240cba42cea41731091be9484a5f5b122,RELATED_OR_FUTURE_MARKET,"US x Iran permanent peace deal by July 31, 2026?",us-x-iran-permanent-peace-deal-by-july-31-2026-831-252,99566541619640652317512639709808184120400767516277184685355777020179304540844,9.96,0.0,9.96,1,2026-06-17T17:50:07+00:00,2026-06-17T17:50:07+00:00,1,0xc2b26e8c1fb95f7b8a63b2bf84e3de3d0ec39fe099f232df36f91e4616c00031
0x2fa801da750904fc348ccb9315a0b892377d4359,BOUGHT_TARGET_AND_FUTURE_MARKETS,0x20af55ab35186377b81219db6cb8615240cba42cea41731091be9484a5f5b122,RELATED_OR_FUTURE_MARKET,"US x Iran permanent peace deal by July 31, 2026?",us-x-iran-permanent-peace-deal-by-july-31-2026-831-252,99566541619640652317512639709808184120400767516277184685355777020179304540844,7.89,0.0,7.89,10,2026-06-17T23:00:31+00:00,2026-06-17T23:00:31+00:00,1,0x48eac891acdb29aa4a70d592d50f1ccd56faafbbfb68166d82d67a7b8497d260
0xb8a47d387beb9ec7fd4baaec05396e9677cea13b,BOUGHT_TARGET_AND_FUTURE_MARKETS,0xda519921a7090298cbdc56ee838a403a5193c2b3f637aef3e154e52de7b5e79c,RELATED_OR_FUTURE_MARKET,"US x Iran permanent peace deal by August 31, 2026?",us-x-iran-permanent-peace-deal-by-august-31-2026,18350166227701937595781661497315771588029127293300032980353664093725965421470,7.52,0.0,7.52,13,2026-06-17T09:02:32+00:00,2026-06-17T09:02:32+00:00,1,0x7c7416d40105de71e47c4246668d12289d7c1f54e2d4e96f3ccb229c7d4f90d1
0x54498e4c40b17261479aeaeeddf9cc37bd46992b,BOUGHT_TARGET_AND_FUTURE_MARKETS,0x087713ab2905e789c42c3fafdf747512f8d7883b7fab1ac554b703310c09d869,RELATED_OR_FUTURE_MARKET,"US x Iran permanent peace deal by October 31, 2026?",us-x-iran-permanent-peace-deal-by-october-31-2026,87454787582145370245918768733918745779368258596964798398674915534231998102607,7.507503,0.0,7.507503,3,2026-06-17T12:47:41+00:00,2026-06-17T15:05:50+00:00,3,0x16ae053db5cb8e672ffa2176cc6b9e170cf0bdcf612a79ca2cc0a9494d22c4e7; 0xc4e52bd03821b2165109cde0059d176d52abcc9202714d8cc3a8c569a40b8ae1; 0xdb183e434edf6a24a8beacb3b6b802f2a79251bc4b498f6f1d44664e6f8314da
0x54498e4c40b17261479aeaeeddf9cc37bd46992b,BOUGHT_TARGET_AND_FUTURE_MARKETS,0xd86a816093fcd0a0e1ca440bc5ce199bd3c5a8d6139e044b076958164f8c5423,TARGET_JUNE_15_MARKET,"US x Iran permanent peace deal by June 15, 2026?",us-x-iran-permanent-peace-deal-by-june-15-2026-734-856-129,5904694069529905826680225678119990013628860098514322777023141327768111791078,7.5059999999999985,0.0,7.5059999999999985,18,2026-06-17T23:50:08+00:00,2026-06-17T23:50:59+00:00,6,0x287ba7aa5f45ee13dda057bbd95eab50507c5442318de97b9347a0ae8ecf9748; 0x2c4ef9d2b9c0cf32e65f043f902d8f32222c611f1a00eeaecdcebe5a2f6e9b9c; 0x2e094347df088d379d0ecf41eee611a846e563e03d20a3047d3366bea2f175a7; 0x2eb2e1e2746e191ee291972667a496de2c641a5c134b9d8670a2ae7f75dd43b6; 0xa87546a0dde741e48881bcc683b25ad7275d253c14c2830dd41dce90f2a25509
0x2fa801da750904fc348ccb9315a0b892377d4359,BOUGHT_TARGET_AND_FUTURE_MARKETS,0xc5331256bff341491df0656772c4245a99a483c58eeda2faa70fa6bb8b7b0405,RELATED_OR_FUTURE_MARKET,"US x Iran permanent peace deal by May 8, 2026?",us-x-iran-permanent-peace-deal-by-may-8-2026,53886837528295918199173213040710747917684350390439332312874024244950707854931,6.18,0.0,6.18,4,2026-05-08T23:54:24+00:00,2026-05-08T23:54:24+00:00,1,0x41a7815701132efab388ff8f981fab6758a00a1dc9df1806fe6df858f113e187
0xbeae9360957c3af4977972260bbb4539762ff5c0,BOUGHT_TARGET_AND_FUTURE_MARKETS,0x9769f78cbc95a5ed11895e6064bac471d8fd8f930b260cf581b68d3f58630d27,RELATED_OR_FUTURE_MARKET,"US x Iran permanent peace deal by December 31, 2026?",us-x-iran-permanent-peace-deal-by-december-31-2026-961-587-341-574-555-817,104718292808309433767402444061650910790437726449955521731268760928480423099204,1.001001,0.0,1.001001,1,2026-06-17T07:59:40+00:00,2026-06-17T07:59:40+00:00,1,0x24555b388cdf971ead1796b5197980f6edef5ad802256d537c71507935ddc541
0xbeae9360957c3af4977972260bbb4539762ff5c0,BOUGHT_TARGET_AND_FUTURE_MARKETS,0xd86a816093fcd0a0e1ca440bc5ce199bd3c5a8d6139e044b076958164f8c5423,TARGET_JUNE_15_MARKET,"US x Iran permanent peace deal by June 15, 2026?",us-x-iran-permanent-peace-deal-by-june-15-2026-734-856-129,5904694069529905826680225678119990013628860098514322777023141327768111791078,1.001,0.0,1.001,3,2026-06-18T00:21:22+00:00,2026-06-18T00:21:22+00:00,1,0x3954d98f88dced2ff75b4e437b6c79d35536f9e6122326b15b1a5dc6b9d4f573
0x1987733c8beae675c544752eafe437968efe6487,BOUGHT_TARGET_AND_FUTURE_MARKETS,0x6114a8a3f9ac214f48a7e20d169f1c7a5c84082cb6f7058ed9fe1137b11fd0e7,RELATED_OR_FUTURE_MARKET,"US x Iran permanent peace deal by June 30, 2026?",us-x-iran-permanent-peace-deal-by-june-30-2026-837-641-896-877-363-892-537-597,31867385211987925701696042012772036156561382644688734856312468506547392739862,0.11,0.0,0.11,1,2026-06-18T00:01:47+00:00,2026-06-18T00:01:47+00:00,1,0x626a210921903494e6e1234a5438c55c318c6ee129461423b613fef28cbbd8a4
